url	first_seen	portal	title	company	status
https://job-boards.greenhouse.io/humeai/jobs/4775962008	2026-05-15	greenhouse-api	AI Researcher	Hume AI	added
https://job-boards.greenhouse.io/humeai/jobs/4856037008	2026-05-15	greenhouse-api	Product Manager, Growth	Hume AI	added
https://job-boards.greenhouse.io/humeai/jobs/5064248008	2026-05-15	greenhouse-api	Senior Platform Engineer	Hume AI	added
https://job-boards.greenhouse.io/humeai/jobs/4003488008	2026-05-15	greenhouse-api	Senior/Staff AI Research Engineer	Hume AI	added
https://job-boards.eu.greenhouse.io/parloa/jobs/4858437101	2026-05-15	greenhouse-api	Business Development Representative (Spain)	Parloa	added
https://job-boards.eu.greenhouse.io/parloa/jobs/4694431101	2026-05-15	greenhouse-api	Forward Deployed Engineer, DevOps	Parloa	added
https://job-boards.eu.greenhouse.io/parloa/jobs/4799672101	2026-05-15	greenhouse-api	Forward Deployed Engineer, VoIP	Parloa	added
https://job-boards.eu.greenhouse.io/parloa/jobs/4784741101	2026-05-15	greenhouse-api	GSI Partnerships Manager -  (Conversational AI & Agentic AI)	Parloa	added
https://job-boards.eu.greenhouse.io/parloa/jobs/4566280101	2026-05-15	greenhouse-api	Lead AI Agent Architect	Parloa	added
https://job-boards.eu.greenhouse.io/parloa/jobs/4782800101	2026-05-15	greenhouse-api	Senior Agent Architect	Parloa	added
https://job-boards.eu.greenhouse.io/parloa/jobs/4766701101	2026-05-15	greenhouse-api	Senior Agent Architect 	Parloa	added
https://job-boards.eu.greenhouse.io/parloa/jobs/4866271101	2026-05-15	greenhouse-api	 Senior Forward Deployed Engineer - Partner Success - US	Parloa	added
https://job-boards.eu.greenhouse.io/parloa/jobs/4604587101	2026-05-15	greenhouse-api	Senior/Lead Forward Deployed Engineer - US	Parloa	added
https://job-boards.eu.greenhouse.io/parloa/jobs/4771240101	2026-05-15	greenhouse-api	Senior Partnerships Manager - UKI and Northern Europe	Parloa	added
https://job-boards.eu.greenhouse.io/parloa/jobs/4719998101	2026-05-15	greenhouse-api	Senior Technical Project Manager - Agentic AI Deployments	Parloa	added
https://job-boards.eu.greenhouse.io/parloa/jobs/4865339101	2026-05-15	greenhouse-api	Working Student Billing & Collections Specialist	Parloa	added
https://job-boards.eu.greenhouse.io/polyai/jobs/4802138101	2026-05-15	greenhouse-api	Agent Designer	PolyAI	added
https://job-boards.eu.greenhouse.io/polyai/jobs/4855037101	2026-05-15	greenhouse-api	Forward Deployed AI Engineer (Must be based in Toronto, Canada)	PolyAI	added
https://job-boards.eu.greenhouse.io/polyai/jobs/4713506101	2026-05-15	greenhouse-api	Group Product Manager	PolyAI	added
https://job-boards.eu.greenhouse.io/polyai/jobs/4853250101	2026-05-15	greenhouse-api	Senior Platform Engineer	PolyAI	added
https://job-boards.greenhouse.io/airtable/jobs/8409168002	2026-05-15	greenhouse-api	AI Agent Architect, Customer Experience	Airtable	added
https://job-boards.greenhouse.io/airtable/jobs/8475571002	2026-05-15	greenhouse-api	Product Manager, Funnel & Activation	Airtable	added
https://job-boards.greenhouse.io/airtable/jobs/8462421002	2026-05-15	greenhouse-api	Senior Partner Solutions Architect	Airtable	added
https://job-boards.greenhouse.io/airtable/jobs/8341413002	2026-05-15	greenhouse-api	Senior Solutions Architect	Airtable	added
https://job-boards.greenhouse.io/intercom/jobs/7603334	2026-05-15	greenhouse-api	Account Executive, Emerging AI Products	Intercom	added
https://job-boards.greenhouse.io/intercom/jobs/7386163	2026-05-15	greenhouse-api	Account Executive, MidMarket - German Speaking	Intercom	added
https://job-boards.greenhouse.io/intercom/jobs/7820671	2026-05-15	greenhouse-api	AI Infrastructure Engineer	Intercom	added
https://job-boards.greenhouse.io/intercom/jobs/7807509	2026-05-15	greenhouse-api	Business Development Representative, Emerging AI Products 	Intercom	added
https://job-boards.greenhouse.io/intercom/jobs/7818586	2026-05-15	greenhouse-api	Engineering Manager, AI Models Infrastructure	Intercom	added
https://job-boards.greenhouse.io/intercom/jobs/7749413	2026-05-15	greenhouse-api	Engineering Manager, Forward Deployed Engineering	Intercom	added
https://job-boards.greenhouse.io/intercom/jobs/7556413	2026-05-15	greenhouse-api	Forward Deployed Software Engineer	Intercom	added
https://job-boards.greenhouse.io/intercom/jobs/7725837	2026-05-15	greenhouse-api	Principal Engineer, Fin AI Agent	Intercom	added
https://job-boards.greenhouse.io/intercom/jobs/5663703	2026-05-15	greenhouse-api	Product Manager	Intercom	added
https://job-boards.greenhouse.io/intercom/jobs/7912543	2026-05-15	greenhouse-api	Senior Account Manager (Mid-Market) - French Speaking	Intercom	added
https://job-boards.greenhouse.io/intercom/jobs/7904368	2026-05-15	greenhouse-api	Senior Account Manager (Mid-Market) - German Speaking	Intercom	added
https://job-boards.greenhouse.io/intercom/jobs/7314809	2026-05-15	greenhouse-api	Senior Data Scientist - AI Tooling	Intercom	added
https://job-boards.greenhouse.io/intercom/jobs/7606649	2026-05-15	greenhouse-api	Senior Data Scientist AI Tooling	Intercom	added
https://job-boards.greenhouse.io/intercom/jobs/6949785	2026-05-15	greenhouse-api	Senior Engineer, AI Developer	Intercom	added
https://job-boards.greenhouse.io/intercom/jobs/7462098	2026-05-15	greenhouse-api	Senior Forward Deployed Engineer	Intercom	added
https://job-boards.greenhouse.io/intercom/jobs/7839311	2026-05-15	greenhouse-api	Senior Manager, Customer Campaigns & Lifecycle Marketing	Intercom	added
https://job-boards.greenhouse.io/intercom/jobs/7763257	2026-05-15	greenhouse-api	Senior Manager, Forward Deployed Engineering	Intercom	added
https://job-boards.greenhouse.io/intercom/jobs/7411373	2026-05-15	greenhouse-api	Senior ML Science Manager	Intercom	added
https://job-boards.greenhouse.io/intercom/jobs/7371924	2026-05-15	greenhouse-api	Senior Product Engineer, AI	Intercom	added
https://job-boards.greenhouse.io/intercom/jobs/6466001	2026-05-15	greenhouse-api	Senior Product Engineer - AI Platform	Intercom	added
https://job-boards.greenhouse.io/intercom/jobs/7382846	2026-05-15	greenhouse-api	Senior Product Engineer, AI Platform	Intercom	added
https://job-boards.greenhouse.io/intercom/jobs/7262006	2026-05-15	greenhouse-api	Senior Solutions Architect	Intercom	added
https://job-boards.greenhouse.io/intercom/jobs/7594453	2026-05-15	greenhouse-api	Senior Solutions Engineer	Intercom	added
https://job-boards.greenhouse.io/intercom/jobs/6849119	2026-05-15	greenhouse-api	Solutions Engineer	Intercom	added
https://job-boards.greenhouse.io/intercom/jobs/7593406	2026-05-15	greenhouse-api	Solutions Engineer - LATAM (Portuguese Speaking)	Intercom	added
https://job-boards.greenhouse.io/intercom/jobs/7920710	2026-05-15	greenhouse-api	Staff AI Product Designer	Intercom	added
https://job-boards.greenhouse.io/intercom/jobs/7464294	2026-05-15	greenhouse-api	Staff AI Product Manager	Intercom	added
https://job-boards.greenhouse.io/intercom/jobs/7462110	2026-05-15	greenhouse-api	Staff Forward Deployed Engineer	Intercom	added
https://job-boards.greenhouse.io/intercom/jobs/7393955	2026-05-15	greenhouse-api	Staff Product Engineer, AI	Intercom	added
https://job-boards.greenhouse.io/intercom/jobs/5379326	2026-05-15	greenhouse-api	Staff Product Manager	Intercom	added
https://job-boards.greenhouse.io/intercom/jobs/5663720	2026-05-15	greenhouse-api	Staff Product Manager 	Intercom	added
https://job-boards.greenhouse.io/anthropic/jobs/5165641008	2026-05-15	greenhouse-api	Account Executive, Beneficial Deployments (French Speaking)	Anthropic	added
https://job-boards.greenhouse.io/anthropic/jobs/5161988008	2026-05-15	greenhouse-api	Account Executive, Beneficial Deployments (Portuguese Speaking)	Anthropic	added
https://job-boards.greenhouse.io/anthropic/jobs/5161986008	2026-05-15	greenhouse-api	Account Executive, Beneficial Deployments (Spanish Speaking)	Anthropic	added
https://job-boards.greenhouse.io/anthropic/jobs/5208218008	2026-05-15	greenhouse-api	AI Compliance Officer	Anthropic	added
https://job-boards.greenhouse.io/anthropic/jobs/5183044008	2026-05-15	greenhouse-api	Anthropic Fellows Program — AI Safety	Anthropic	added
https://job-boards.greenhouse.io/anthropic/jobs/5030244008	2026-05-15	greenhouse-api	Anthropic Fellows Program — AI Security	Anthropic	added
https://job-boards.greenhouse.io/anthropic/jobs/5183051008	2026-05-15	greenhouse-api	Anthropic Fellows Program — ML Systems & Performance	Anthropic	added
https://job-boards.greenhouse.io/anthropic/jobs/5076109008	2026-05-15	greenhouse-api	Applied AI Architect	Anthropic	added
https://job-boards.greenhouse.io/anthropic/jobs/5192805008	2026-05-15	greenhouse-api	Applied AI Architect, Commercial	Anthropic	added
https://job-boards.greenhouse.io/anthropic/jobs/5065835008	2026-05-15	greenhouse-api	Applied AI Architect, Enterprise Tech	Anthropic	added
https://job-boards.greenhouse.io/anthropic/jobs/5079540008	2026-05-15	greenhouse-api	Applied AI Architect, Federal Civilian	Anthropic	added
https://job-boards.greenhouse.io/anthropic/jobs/5140405008	2026-05-15	greenhouse-api	Applied AI Architect, Government Technology	Anthropic	added
https://job-boards.greenhouse.io/anthropic/jobs/4461444008	2026-05-15	greenhouse-api	Applied AI Architect, Industries	Anthropic	added
https://job-boards.greenhouse.io/anthropic/jobs/5079511008	2026-05-15	greenhouse-api	Applied AI Architect, National Security	Anthropic	added
https://job-boards.greenhouse.io/anthropic/jobs/5112486008	2026-05-15	greenhouse-api	Applied AI Architect, Partnerships	Anthropic	added
https://job-boards.greenhouse.io/anthropic/jobs/5194007008	2026-05-15	greenhouse-api	Applied AI Architect, Public Sector	Anthropic	added
https://job-boards.greenhouse.io/anthropic/jobs/5101433008	2026-05-15	greenhouse-api	Applied AI Architect, Security	Anthropic	added
https://job-boards.greenhouse.io/anthropic/jobs/4968059008	2026-05-15	greenhouse-api	Applied AI Architect, Startups	Anthropic	added
https://job-boards.greenhouse.io/anthropic/jobs/5140403008	2026-05-15	greenhouse-api	Applied AI Architect, State and Local Government	Anthropic	added
https://job-boards.greenhouse.io/anthropic/jobs/5116927008	2026-05-15	greenhouse-api	Applied AI Claude Evangelist, Startups	Anthropic	added
https://job-boards.greenhouse.io/anthropic/jobs/5055488008	2026-05-15	greenhouse-api	Applied AI Engineer	Anthropic	added
https://job-boards.greenhouse.io/anthropic/jobs/5116274008	2026-05-15	greenhouse-api	Applied AI Engineer 	Anthropic	added
https://job-boards.greenhouse.io/anthropic/jobs/5146028008	2026-05-15	greenhouse-api	Applied AI Engineer, Beneficial Deployments	Anthropic	added
https://job-boards.greenhouse.io/anthropic/jobs/5057647008	2026-05-15	greenhouse-api	Applied AI Engineer, Enterprise Tech	Anthropic	added
https://job-boards.greenhouse.io/anthropic/jobs/5111942008	2026-05-15	greenhouse-api	Applied AI Engineer, Life Sciences (Beneficial Deployments)	Anthropic	added
https://job-boards.greenhouse.io/anthropic/jobs/5205884008	2026-05-15	greenhouse-api	Commercial Counsel, Networking & Datacenter Operations	Anthropic	added
https://job-boards.greenhouse.io/anthropic/jobs/5097186008	2026-05-15	greenhouse-api	Design Engineer, AI Capability Development (Education Labs)	Anthropic	added
https://job-boards.greenhouse.io/anthropic/jobs/5159608008	2026-05-15	greenhouse-api	Engineering Manager, Agent Prompts & Evals	Anthropic	added
https://job-boards.greenhouse.io/anthropic/jobs/4741104008	2026-05-15	greenhouse-api	Engineering Manager, GPU (ML Accelerator)	Anthropic	added
https://job-boards.greenhouse.io/anthropic/jobs/5140492008	2026-05-15	greenhouse-api	Engineering Manager, Vertical AI Products (Multiple Roles) 	Anthropic	added
https://job-boards.greenhouse.io/anthropic/jobs/5104754008	2026-05-15	greenhouse-api	Enterprise Account Executive, Retail	Anthropic	added
https://job-boards.greenhouse.io/anthropic/jobs/5155195008	2026-05-15	greenhouse-api	Finance Systems Integration Engineer	Anthropic	added
https://job-boards.greenhouse.io/anthropic/jobs/5012991008	2026-05-15	greenhouse-api	Forward Deployed Engineer	Anthropic	added
https://job-boards.greenhouse.io/anthropic/jobs/4985877008	2026-05-15	greenhouse-api	Forward Deployed Engineer, Applied AI	Anthropic	added
https://job-boards.greenhouse.io/anthropic/jobs/5192104008	2026-05-15	greenhouse-api	Global Applied AI Architecture Lead, Beneficial Deployments	Anthropic	added
https://job-boards.greenhouse.io/anthropic/jobs/5184077008	2026-05-15	greenhouse-api	Head of ANZ, Applied AI	Anthropic	added
https://job-boards.greenhouse.io/anthropic/jobs/5064817008	2026-05-15	greenhouse-api	Head of Solutions Architects, Applied AI (Korea)	Anthropic	added
https://job-boards.greenhouse.io/anthropic/jobs/5099753008	2026-05-15	greenhouse-api	Manager, Forward Deployed Engineering	Anthropic	added
https://job-boards.greenhouse.io/anthropic/jobs/5197538008	2026-05-15	greenhouse-api	Manager of Applied AI Architecture, Enterprise Tech (Cyber)	Anthropic	added
https://job-boards.greenhouse.io/anthropic/jobs/5173031008	2026-05-15	greenhouse-api	Manager of Applied AI Architecture, Partnerships	Anthropic	added
https://job-boards.greenhouse.io/anthropic/jobs/4964610008	2026-05-15	greenhouse-api	Manager of Solutions Architecture, Applied AI (Industries)	Anthropic	added
https://job-boards.greenhouse.io/anthropic/jobs/4778843008	2026-05-15	greenhouse-api	ML Infrastructure Engineer, Safeguards	Anthropic	added
https://job-boards.greenhouse.io/anthropic/jobs/4949336008	2026-05-15	greenhouse-api	ML/Research Engineer, Safeguards	Anthropic	added
https://job-boards.greenhouse.io/anthropic/jobs/5191437008	2026-05-15	greenhouse-api	Partner Business Systems & AI Operations Lead	Anthropic	added
https://job-boards.greenhouse.io/anthropic/jobs/4950664008	2026-05-15	greenhouse-api	Partner Solutions Architect, Applied AI	Anthropic	added
https://job-boards.greenhouse.io/anthropic/jobs/5181852008	2026-05-15	greenhouse-api	Product Manager, API Growth	Anthropic	added
https://job-boards.greenhouse.io/anthropic/jobs/4985920008	2026-05-15	greenhouse-api	Product Manager, Claude Code	Anthropic	added
https://job-boards.greenhouse.io/anthropic/jobs/5153773008	2026-05-15	greenhouse-api	Product Manager, Monetization	Anthropic	added
https://job-boards.greenhouse.io/anthropic/jobs/5107121008	2026-05-15	greenhouse-api	Prompt Engineer, Agent Prompts & Evals	Anthropic	added
https://job-boards.greenhouse.io/anthropic/jobs/5125083008	2026-05-15	greenhouse-api	Research Engineer, AI Observability	Anthropic	added
https://job-boards.greenhouse.io/anthropic/jobs/5119713008	2026-05-15	greenhouse-api	Research Engineer, Pretraining	Anthropic	added
https://job-boards.greenhouse.io/anthropic/jobs/4938432008	2026-05-15	greenhouse-api	Research Engineer, Pretraining Scaling	Anthropic	added
https://job-boards.greenhouse.io/anthropic/jobs/4938436008	2026-05-15	greenhouse-api	Research Engineer, Pretraining Scaling - London	Anthropic	added
https://job-boards.greenhouse.io/anthropic/jobs/5112018008	2026-05-15	greenhouse-api	Research Engineer, Production Model Post-Training	Anthropic	added
https://job-boards.greenhouse.io/anthropic/jobs/5135168008	2026-05-15	greenhouse-api	Research Engineer / Research Scientist, Pre-training	Anthropic	added
https://job-boards.greenhouse.io/anthropic/jobs/4616971008	2026-05-15	greenhouse-api	Research Engineer/Research Scientist, Pre-training	Anthropic	added
https://job-boards.greenhouse.io/anthropic/jobs/5139654008	2026-05-15	greenhouse-api	Research Lead, Training Insights	Anthropic	added
https://job-boards.greenhouse.io/anthropic/jobs/4991194008	2026-05-15	greenhouse-api	Senior Business Systems Analyst, Finance Systems	Anthropic	added
https://job-boards.greenhouse.io/anthropic/jobs/5126080008	2026-05-15	greenhouse-api	Solutions Architect, National Security	Anthropic	added
https://job-boards.greenhouse.io/anthropic/jobs/5101173008	2026-05-15	greenhouse-api	Staff Software Engineer, AI Reliability Engineering	Anthropic	added
https://job-boards.greenhouse.io/anthropic/jobs/5113224008	2026-05-15	greenhouse-api	Staff + Sr. Software Engineer, AI Reliability	Anthropic	added
https://job-boards.greenhouse.io/anthropic/jobs/4978280008	2026-05-15	greenhouse-api	Startup Account Executive - UKI	Anthropic	added
https://job-boards.greenhouse.io/anthropic/jobs/5149802008	2026-05-15	greenhouse-api	Transformative AI Research Economist, Economic Research 	Anthropic	added
https://job-boards.greenhouse.io/anthropic/jobs/5026097008	2026-05-15	greenhouse-api	UI Software Engineer, Claude.ai Consumer Product 	Anthropic	added
https://job-boards.greenhouse.io/vercel/jobs/5778418004	2026-05-15	greenhouse-api	Forward-Deployed Engineer	Vercel	added
https://job-boards.greenhouse.io/vercel/jobs/5872425004	2026-05-15	greenhouse-api	Forward Deployed Engineer, v0	Vercel	added
https://job-boards.greenhouse.io/vercel/jobs/5752684004	2026-05-15	greenhouse-api	Forward-Deployed Engineer 	Vercel	added
https://job-boards.greenhouse.io/vercel/jobs/5777645004	2026-05-15	greenhouse-api	GTM Engineer 	Vercel	added
https://job-boards.greenhouse.io/vercel/jobs/5806456004	2026-05-15	greenhouse-api	Manager, Solutions Architecture	Vercel	added
https://job-boards.greenhouse.io/vercel/jobs/5979660004	2026-05-15	greenhouse-api	Pricing Product Manager	Vercel	added
https://job-boards.greenhouse.io/vercel/jobs/5553789004	2026-05-15	greenhouse-api	Senior Partner Solutions Engineer	Vercel	added
https://job-boards.greenhouse.io/vercel/jobs/5704320004	2026-05-15	greenhouse-api	Software Engineer, Agent	Vercel	added
https://job-boards.greenhouse.io/vercel/jobs/5798406004	2026-05-15	greenhouse-api	Software Engineer, AI Gateway	Vercel	added
https://job-boards.greenhouse.io/vercel/jobs/5474915004	2026-05-15	greenhouse-api	Software Engineer, AI SDK	Vercel	added
https://job-boards.greenhouse.io/vercel/jobs/5804110004	2026-05-15	greenhouse-api	Solutions Architect	Vercel	added
https://job-boards.greenhouse.io/vercel/jobs/5806749004	2026-05-15	greenhouse-api	Solutions Architect 	Vercel	added
https://jobs.ashbyhq.com/elevenlabs/275f43d0-b62d-401d-830c-7c1ac0e688aa	2026-05-15	ashby-api	Enterprise Solutions Engineer - North America	ElevenLabs	added
https://jobs.ashbyhq.com/elevenlabs/6c4c57c1-ec72-42ba-af3a-eb7aebbde2e6	2026-05-15	ashby-api	Forward Deployed Engineer - Software Engineer	ElevenLabs	added
https://jobs.ashbyhq.com/elevenlabs/a3097257-a07a-4a7e-b9fe-b8555c1a0fa7	2026-05-15	ashby-api	Automations Engineer	ElevenLabs	added
https://jobs.ashbyhq.com/elevenlabs/b081fafb-3659-4bf6-8e87-eb5ccc3ff234	2026-05-15	ashby-api	Enterprise Solutions Engineer - Spain	ElevenLabs	added
https://jobs.ashbyhq.com/elevenlabs/6848ece5-1ce5-4ab4-9dd6-0704cd0f8ecd	2026-05-15	ashby-api	Deployment Strategist - Spain	ElevenLabs	added
https://jobs.ashbyhq.com/elevenlabs/1034a604-b714-428b-a9fd-fa8c0cd795cf	2026-05-15	ashby-api	Enterprise Account Executive - Spain	ElevenLabs	added
https://jobs.ashbyhq.com/elevenlabs/ce00fe7b-a93a-436b-bd5e-2eff87c48f23	2026-05-15	ashby-api	Enterprise Solutions Engineer - France	ElevenLabs	added
https://jobs.ashbyhq.com/elevenlabs/81f53be2-dd0e-433d-94bf-d506973be1ed	2026-05-15	ashby-api	Enterprise Solutions Engineer - Mexico	ElevenLabs	added
https://jobs.ashbyhq.com/elevenlabs/3466ba20-f61f-4a51-a1ee-5a24a2217fa8	2026-05-15	ashby-api	Enterprise Solutions Engineer - Brazil 	ElevenLabs	added
https://jobs.ashbyhq.com/elevenlabs/3178581d-ea70-4dee-b018-2ce2d2a18bbe	2026-05-15	ashby-api	AI Creative Producer	ElevenLabs	added
https://jobs.ashbyhq.com/elevenlabs/46bad7dc-c8d7-403d-8b10-a2d71c005384	2026-05-15	ashby-api	Enterprise Solutions Engineer - LATAM 	ElevenLabs	added
https://jobs.ashbyhq.com/elevenlabs/b95f7f0b-f22f-4fc4-9d9f-87f5485b0a1f	2026-05-15	ashby-api	Enterprise Solutions Engineer - EU (German Speaking)	ElevenLabs	added
https://jobs.ashbyhq.com/elevenlabs/4509df6f-b839-44d6-b31f-d7f364cec949	2026-05-15	ashby-api	Enterprise Solutions Engineer - Europe	ElevenLabs	added
https://jobs.ashbyhq.com/elevenlabs/78f45556-04cc-4f08-abb2-18e639ed9343	2026-05-15	ashby-api	B2B Growth Marketing - Agents	ElevenLabs	added
https://jobs.ashbyhq.com/elevenlabs/f2ae7fe0-67da-48ae-b126-b942899ec7e9	2026-05-15	ashby-api	Product Marketing - Agents	ElevenLabs	added
https://jobs.ashbyhq.com/elevenlabs/7664e3c4-2336-4d1a-90cf-91d1268de10d	2026-05-15	ashby-api	Forward Deployed Engineer - Software Engineer - Spain	ElevenLabs	added
https://jobs.ashbyhq.com/elevenlabs/fb1fd9cc-bd6d-4895-be29-4bc37d0c31a0	2026-05-15	ashby-api	Solutions Engineer - India	ElevenLabs	added
https://jobs.ashbyhq.com/elevenlabs/5d01b08d-a300-4f29-93e4-039147d7ddd7	2026-05-15	ashby-api	Enterprise Solutions Engineer - Oceania	ElevenLabs	added
https://jobs.ashbyhq.com/elevenlabs/2451b957-0ece-4e73-88e4-4196aac0ba86	2026-05-15	ashby-api	AI Creative Producer - Ads	ElevenLabs	added
https://jobs.ashbyhq.com/elevenlabs/01d0899b-0e40-4af2-a859-5d21962666b1	2026-05-15	ashby-api	Infrastructure Engineer (Data & Automations)	ElevenLabs	added
https://jobs.ashbyhq.com/elevenlabs/8a88f764-27f5-46d7-8ce0-0ba15401efb1	2026-05-15	ashby-api	Enterprise Solutions Engineer - Brazil	ElevenLabs	added
https://jobs.ashbyhq.com/elevenlabs/1a9d687d-0030-4732-8160-f1da54844bba	2026-05-15	ashby-api	Enterprise Solutions Engineer - ANZ	ElevenLabs	added
https://jobs.ashbyhq.com/elevenlabs/85b7489f-5b0c-4f21-9c1c-7b76ed904c44	2026-05-15	ashby-api	Enterprise Solutions Engineer - Singapore	ElevenLabs	added
https://jobs.ashbyhq.com/elevenlabs/1285b935-1398-4116-8576-70a58896faa8	2026-05-15	ashby-api	Enterprise Solutions Engineer - Middle East	ElevenLabs	added
https://job-boards.greenhouse.io/runpod/jobs/5191760008	2026-05-15	greenhouse-api	Developer Relations Lead, AI Infrastructure and Community	RunPod	added
https://job-boards.greenhouse.io/runpod/jobs/5115139008	2026-05-15	greenhouse-api	Director, Cloud Marketplace and AI Infrastructure Partnerships	RunPod	added
https://job-boards.greenhouse.io/runpod/jobs/5173070008	2026-05-15	greenhouse-api	Forward Deployed Engineer APAC	RunPod	added
https://job-boards.greenhouse.io/runpod/jobs/5112001008	2026-05-15	greenhouse-api	Senior Product Manager 	RunPod	added
https://job-boards.greenhouse.io/arizeai/jobs/5969145004	2026-05-15	greenhouse-api	AI Application Engineer	Arize AI	added
https://job-boards.greenhouse.io/arizeai/jobs/5989512004	2026-05-15	greenhouse-api	AI Application Engineer, APJ	Arize AI	added
https://job-boards.greenhouse.io/arizeai/jobs/5818115004	2026-05-15	greenhouse-api	AI Product Manager	Arize AI	added
https://job-boards.greenhouse.io/arizeai/jobs/5793354004	2026-05-15	greenhouse-api	AI Sales Engineer, EMEA	Arize AI	added
https://job-boards.greenhouse.io/arizeai/jobs/5792327004	2026-05-15	greenhouse-api	AI Sales Engineer, US	Arize AI	added
https://job-boards.greenhouse.io/arizeai/jobs/5993755004	2026-05-15	greenhouse-api	AI Solutions Engineer, East	Arize AI	added
https://job-boards.greenhouse.io/arizeai/jobs/5781408004	2026-05-15	greenhouse-api	AI Solutions Engineer, EMEA	Arize AI	added
https://job-boards.greenhouse.io/arizeai/jobs/5797408004	2026-05-15	greenhouse-api	AI Solutions Engineer, West	Arize AI	added
https://job-boards.greenhouse.io/arizeai/jobs/5989503004	2026-05-15	greenhouse-api	AI Solutions Manager, APJ	Arize AI	added
https://job-boards.greenhouse.io/arizeai/jobs/5989510004	2026-05-15	greenhouse-api	AI Solutions Manager, EMEA	Arize AI	added
https://job-boards.greenhouse.io/arizeai/jobs/5987435004	2026-05-15	greenhouse-api	AI Solutions Manager, SMB	Arize AI	added
https://job-boards.greenhouse.io/arizeai/jobs/5783026004	2026-05-15	greenhouse-api	AI Solutions Manager, West	Arize AI	added
https://job-boards.greenhouse.io/arizeai/jobs/5980312004	2026-05-15	greenhouse-api	DevSecOps Engineer (TypeScript & Agentic AI)	Arize AI	added
https://job-boards.greenhouse.io/arizeai/jobs/5993317004	2026-05-15	greenhouse-api	Forward Deployed Engineer, APJ	Arize AI	added
https://job-boards.greenhouse.io/arizeai/jobs/5396396004	2026-05-15	greenhouse-api	Senior AI Product Engineer, Backend	Arize AI	added
https://job-boards.greenhouse.io/arizeai/jobs/5396420004	2026-05-15	greenhouse-api	Senior AI Product Engineer, Fullstack	Arize AI	added
https://job-boards.greenhouse.io/arizeai/jobs/5986448004	2026-05-15	greenhouse-api	Technical Product Marketing Manager, Competitive Intelligence & Sales Enablement (AI Native)	Arize AI	added
https://job-boards.greenhouse.io/gleanwork/jobs/4686368005	2026-05-15	greenhouse-api	AI Outcomes Manager	Glean	added
https://job-boards.greenhouse.io/gleanwork/jobs/4621972005	2026-05-15	greenhouse-api	AI Outcomes Manager, ANZ	Glean	added
https://job-boards.greenhouse.io/gleanwork/jobs/4661912005	2026-05-15	greenhouse-api	AI Outcomes Manager, Central	Glean	added
https://job-boards.greenhouse.io/gleanwork/jobs/4661933005	2026-05-15	greenhouse-api	AI Outcomes Manager, East	Glean	added
https://job-boards.greenhouse.io/gleanwork/jobs/4693714005	2026-05-15	greenhouse-api	AI Outcomes Manager, LATAM	Glean	added
https://job-boards.greenhouse.io/gleanwork/jobs/4613925005	2026-05-15	greenhouse-api	AI Outcomes Manager, London	Glean	added
https://job-boards.greenhouse.io/gleanwork/jobs/4586837005	2026-05-15	greenhouse-api	AI Outcomes Manager, Singapore	Glean	added
https://job-boards.greenhouse.io/gleanwork/jobs/4673911005	2026-05-15	greenhouse-api	AI Outcomes Manager, Sweden	Glean	added
https://job-boards.greenhouse.io/gleanwork/jobs/4661898005	2026-05-15	greenhouse-api	AI Outcomes Manager, West	Glean	added
https://job-boards.greenhouse.io/gleanwork/jobs/4661886005	2026-05-15	greenhouse-api	AI Success Manager, Central	Glean	added
https://job-boards.greenhouse.io/gleanwork/jobs/4661878005	2026-05-15	greenhouse-api	AI Success Manager, East 	Glean	added
https://job-boards.greenhouse.io/gleanwork/jobs/4665628005	2026-05-15	greenhouse-api	CA Industrial Trainee	Glean	added
https://job-boards.greenhouse.io/gleanwork/jobs/4654572005	2026-05-15	greenhouse-api	Commercial Account Executive, UKI	Glean	added
https://job-boards.greenhouse.io/gleanwork/jobs/4652361005	2026-05-15	greenhouse-api	Enterprise Account Executive, UKI	Glean	added
https://job-boards.greenhouse.io/gleanwork/jobs/4651990005	2026-05-15	greenhouse-api	Founding Forward Deployed Engineer	Glean	added
https://job-boards.greenhouse.io/gleanwork/jobs/4605215005	2026-05-15	greenhouse-api	Machine Learning Engineer, AI Assistant & Autonomous AI Agents	Glean	added
https://job-boards.greenhouse.io/gleanwork/jobs/4632997005	2026-05-15	greenhouse-api	Machine Learning Engineer, Enterprise Brain	Glean	added
https://job-boards.greenhouse.io/gleanwork/jobs/4694716005	2026-05-15	greenhouse-api	Machine Learning Engineer, LLM Evals & Observability	Glean	added
https://job-boards.greenhouse.io/gleanwork/jobs/4669417005	2026-05-15	greenhouse-api	Machine Learning Engineer, LLM Evals & Observability 	Glean	added
https://job-boards.greenhouse.io/gleanwork/jobs/4675077005	2026-05-15	greenhouse-api	Manager, AI Outcomes	Glean	added
https://job-boards.greenhouse.io/gleanwork/jobs/4585960005	2026-05-15	greenhouse-api	Manager, AI Outcomes 	Glean	added
https://job-boards.greenhouse.io/gleanwork/jobs/4577381005	2026-05-15	greenhouse-api	Product Designer, AI Products	Glean	added
https://job-boards.greenhouse.io/gleanwork/jobs/4600865005	2026-05-15	greenhouse-api	Product Design Lead, AI Products	Glean	added
https://job-boards.greenhouse.io/gleanwork/jobs/4007711005	2026-05-15	greenhouse-api	Product Manager	Glean	added
https://job-boards.greenhouse.io/gleanwork/jobs/4525297005	2026-05-15	greenhouse-api	Product Manager, Agent Security & Governance	Glean	added
https://job-boards.greenhouse.io/gleanwork/jobs/4525518005	2026-05-15	greenhouse-api	Product Manager, AI Quality	Glean	added
https://job-boards.greenhouse.io/gleanwork/jobs/4597178005	2026-05-15	greenhouse-api	Product Manager, Connectors	Glean	added
https://job-boards.greenhouse.io/gleanwork/jobs/4641940005	2026-05-15	greenhouse-api	Product Manager, Glean Protect (Security & Governance)	Glean	added
https://job-boards.greenhouse.io/gleanwork/jobs/4657520005	2026-05-15	greenhouse-api	Senior Integrated Campaign Manager	Glean	added
https://job-boards.greenhouse.io/gleanwork/jobs/4616929005	2026-05-15	greenhouse-api	Software Engineer, Agentic Runtime 	Glean	added
https://job-boards.greenhouse.io/gleanwork/jobs/4501783005	2026-05-15	greenhouse-api	Software Engineer, AI Infrastructure	Glean	added
https://job-boards.greenhouse.io/gleanwork/jobs/4605446005	2026-05-15	greenhouse-api	Software Engineer, AI & Security	Glean	added
https://job-boards.greenhouse.io/gleanwork/jobs/4508312005	2026-05-15	greenhouse-api	Solutions Architect 	Glean	added
https://job-boards.greenhouse.io/gleanwork/jobs/4434258005	2026-05-15	greenhouse-api	Solutions Architect (PST/EST Customer hours)	Glean	added
https://job-boards.greenhouse.io/gleanwork/jobs/4676087005	2026-05-15	greenhouse-api	Solutions Engineering Manager	Glean	added
https://job-boards.greenhouse.io/gleanwork/jobs/4694771005	2026-05-15	greenhouse-api	Tech Lead Manager, Agentic Runtime 	Glean	added
https://jobs.ashbyhq.com/langchain/afb91b9b-46d5-4c9d-aa84-a4f1a3f74263	2026-05-15	ashby-api	Senior Frontend Engineer, AI Observability & Evals Platform 	LangChain	added
https://jobs.ashbyhq.com/langchain/e1263bfe-b638-4019-b4d5-0aacca93b2b3	2026-05-15	ashby-api	Software Engineering Manager, AI Observability & Evals Platform (New York, NY)	LangChain	added
https://jobs.ashbyhq.com/langchain/a03b3e54-495d-4960-aee7-0194a3cef57d	2026-05-15	ashby-api	Senior Fullstack Engineer,  AI Observability & Evals Platform 	LangChain	added
https://jobs.ashbyhq.com/langchain/ddf92275-1cc3-49c0-9f25-e8ded43b07f6	2026-05-15	ashby-api	FullStack Engineer,  AI Observability & Evals Platform (LangSmith)	LangChain	added
https://jobs.ashbyhq.com/langchain/f07c1416-f126-4925-8606-5dd7c5a90f6f	2026-05-15	ashby-api	Senior Backend Software Engineer, AI Observability & Evals Platform (LangSmith)	LangChain	added
https://jobs.ashbyhq.com/langchain/c75915ba-a32b-4e17-873d-19b47564170d	2026-05-15	ashby-api	Fullstack Software Engineer, Applied AI	LangChain	added
https://jobs.ashbyhq.com/langchain/671f9372-8646-4f6a-a473-61bfa7cafa4b	2026-05-15	ashby-api	Deployed Engineer (Amsterdam)	LangChain	added
https://jobs.ashbyhq.com/langchain/27af5f96-b287-4bcc-8679-f96686dc7c8d	2026-05-15	ashby-api	Product Manager, LangSmith	LangChain	added
https://jobs.ashbyhq.com/langchain/650a8598-2b20-40b8-a4d7-4a9196fe3609	2026-05-15	ashby-api	Deployed Engineer (Sydney)	LangChain	added
https://jobs.ashbyhq.com/langchain/ba447a0b-2f52-484e-b3f6-b15c6445bdf9	2026-05-15	ashby-api	Deployed Engineer (South EMEA)	LangChain	added
https://jobs.ashbyhq.com/langchain/e12d7176-8b9f-438a-8f3b-0cbbffab9c5c	2026-05-15	ashby-api	Solutions Architect (San Francisco)	LangChain	added
https://jobs.ashbyhq.com/langchain/c9c70de7-c162-46c5-a784-e5a45ff24061	2026-05-15	ashby-api	Director, Deployed Engineering - Central	LangChain	added
https://jobs.ashbyhq.com/langchain/5f5f8239-603c-47ca-a1ee-5a7ed34b502d	2026-05-15	ashby-api	Deployed Engineer (UK)	LangChain	added
https://jobs.ashbyhq.com/langchain/e773649c-4ea7-47c2-9987-74d525474e82	2026-05-15	ashby-api	Deployed Engineer (Bay Area)	LangChain	added
https://jobs.ashbyhq.com/langchain/25d40647-c821-46ff-bf25-bacf21fa38b5	2026-05-15	ashby-api	Deployed Engineer (NYC)	LangChain	added
https://jobs.ashbyhq.com/langchain/937e131f-1055-4f1f-bd8a-f036e4ba0666	2026-05-15	ashby-api	Deployed Engineer (Austin)	LangChain	added
https://jobs.ashbyhq.com/langchain/58edb2a9-a1b7-4b10-86a4-4bf6957cc6f4	2026-05-15	ashby-api	Deployed Engineer (Toronto)	LangChain	added
https://jobs.ashbyhq.com/langchain/33f6d721-f75f-4fcc-8df9-e2a13c018e1c	2026-05-15	ashby-api	Software Engineering Manager, AI Observability & Evals Platform (San Francisco, CA)	LangChain	added
https://jobs.ashbyhq.com/langchain/32c6fe13-76e0-49a2-849d-991014416987	2026-05-15	ashby-api	GTM Engineer	LangChain	added
https://jobs.ashbyhq.com/langchain/dea6e10a-5cc8-4956-85b4-1ca88b8c0a95	2026-05-15	ashby-api	Deployed Engineer (Las Vegas)	LangChain	added
https://jobs.ashbyhq.com/langchain/8b533cc4-6654-44b4-b3fc-004def2a9927	2026-05-15	ashby-api	Deployed Engineer (Dallas)	LangChain	added
https://jobs.ashbyhq.com/langchain/3f793a73-9b0d-456b-9a7c-16441e3e6e69	2026-05-15	ashby-api	Deployed Engineer (Denver)	LangChain	added
https://jobs.ashbyhq.com/langchain/31ff2b5b-d5c5-443e-bf11-ef02481df579	2026-05-15	ashby-api	Deployed Engineer (Germany)	LangChain	added
https://jobs.ashbyhq.com/langchain/31483b31-68c5-4603-8a84-0051634100c0	2026-05-15	ashby-api	Deployed Engineer (Stockholm)	LangChain	added
https://jobs.ashbyhq.com/langchain/fc868832-3865-4f4a-8222-33422a7d3d96	2026-05-15	ashby-api	Solutions Architect (Amsterdam)	LangChain	added
https://jobs.ashbyhq.com/langchain/34083fce-1e80-4595-9ce9-76387b735c70	2026-05-15	ashby-api	Deployed Engineer (Boston)	LangChain	added
https://jobs.ashbyhq.com/langchain/faeb56fd-e7d6-47d6-babe-e35315969206	2026-05-15	ashby-api	Solutions Architect (London)	LangChain	added
https://jobs.ashbyhq.com/langchain/3e31c750-67f2-4d3d-ac29-48a2b57cf4bd	2026-05-15	ashby-api	Deployed Engineer (Atlanta)	LangChain	added
https://jobs.ashbyhq.com/langchain/f71210f9-12e1-4726-88b9-ebafa194d5b2	2026-05-15	ashby-api	Solutions Architect (NYC)	LangChain	added
https://jobs.ashbyhq.com/langchain/da7cbabd-ceed-4d7d-ae25-f226cac0c1c1	2026-05-15	ashby-api	Solutions Architect (Austin)	LangChain	added
https://jobs.ashbyhq.com/langchain/933a41a3-43ca-44de-a0ae-f541149151b7	2026-05-15	ashby-api	Solutions Architect (Dallas)	LangChain	added
https://jobs.ashbyhq.com/langchain/38947013-3d0c-4257-aa58-ab8fe247ea3e	2026-05-15	ashby-api	Deployed Engineer (Chicago)	LangChain	added
https://jobs.ashbyhq.com/langchain/86d0df4d-e000-403d-aca8-ee6896aa5420	2026-05-15	ashby-api	Deployed Engineer (San Diego)	LangChain	added
https://jobs.ashbyhq.com/langchain/2d920c9c-abf2-4c46-a01b-03e61a03c8e6	2026-05-15	ashby-api	Deployed Engineer (Los Angeles)	LangChain	added
https://jobs.ashbyhq.com/langchain/d7454c6d-7025-4e46-befc-e23bedd8f452	2026-05-15	ashby-api	Deployed Engineer (Charlotte)	LangChain	added
https://jobs.ashbyhq.com/langchain/733417d6-7b74-4260-95d9-3cabf85ce0b8	2026-05-15	ashby-api	Deployed Engineer (Raleigh)	LangChain	added
https://jobs.ashbyhq.com/langchain/c0706500-4575-4150-88a7-e189ecb96d60	2026-05-15	ashby-api	Product Marketing - Agent Infrastructure	LangChain	added
https://jobs.ashbyhq.com/langchain/0a5dd30c-6da1-4095-bd96-b16f27eeb333	2026-05-15	ashby-api	Solutions Architect (Remote)	LangChain	added
https://jobs.ashbyhq.com/langchain/2a1f67e3-7509-4c92-9ec8-2e645d00c3eb	2026-05-15	ashby-api	Deployed Engineer (Phoenix)	LangChain	added
https://jobs.ashbyhq.com/langchain/91bb582c-fe9a-4651-9e9f-cdb452ec6532	2026-05-15	ashby-api	Deployed Engineer (Salt Lake City)	LangChain	added
https://jobs.ashbyhq.com/langchain/b8dead31-212a-4b92-82a7-c42df16ae877	2026-05-15	ashby-api	Customer Engineer (West Coast)	LangChain	added
https://jobs.ashbyhq.com/langchain/c02afa2f-5544-411d-a4e2-8bdc199b0c53	2026-05-15	ashby-api	Deployed Engineer (Singapore)	LangChain	added
https://jobs.ashbyhq.com/langchain/60d3bd4f-e80f-45fb-9801-725d8b681d54	2026-05-15	ashby-api	Deployed Engineer (Seattle)	LangChain	added
https://jobs.ashbyhq.com/langchain/d3f8de08-2e2b-4c3f-be1f-e63ca51f1d93	2026-05-15	ashby-api	Principal Software Engineer, AI Observability & Evals Platform	LangChain	added
https://job-boards.eu.greenhouse.io/speechmatics/jobs/4792165101	2026-05-15	greenhouse-api	Forward Deployed Engineer	Speechmatics	added
https://job-boards.eu.greenhouse.io/speechmatics/jobs/4838230101	2026-05-15	greenhouse-api	Platform Engineer	Speechmatics	added
https://job-boards.eu.greenhouse.io/speechmatics/jobs/4673941101	2026-05-15	greenhouse-api	Senior Product Manager	Speechmatics	added
https://job-boards.eu.greenhouse.io/speechmatics/jobs/4823688101	2026-05-15	greenhouse-api	Solutions Engineer	Speechmatics	added
https://jobs.ashbyhq.com/pinecone/7261adcb-026d-4552-8f89-7a46156c40c5	2026-05-15	ashby-api	Staff/Principal Product Manager, Database	Pinecone	added
https://jobs.ashbyhq.com/sierra/422cb7bb-ab03-447b-808c-6d72f59bbd2f	2026-05-15	ashby-api	Product Manager, Agent Data Platform	Sierra	added
https://jobs.ashbyhq.com/sierra/effd7cd2-8a28-4bae-a3b8-40720ba09717	2026-05-15	ashby-api	Product Manager, Agent Development	Sierra	added
https://jobs.ashbyhq.com/sierra/b7d1dbcd-ca72-472f-b15e-5b4b0f886be0	2026-05-15	ashby-api	Software Engineer, Agent	Sierra	added
https://jobs.ashbyhq.com/sierra/fed8ca9a-0bb7-44ef-a541-0be6a8ae7bba	2026-05-15	ashby-api	Product Manager, Agent Development (German speaking)	Sierra	added
https://jobs.ashbyhq.com/sierra/b3829801-8e0b-4047-8cd8-8a51c87028fd	2026-05-15	ashby-api	Software Engineer, Agent Architecture	Sierra	added
https://jobs.ashbyhq.com/sierra/c56c272f-86e0-43c8-b3eb-6f6b1cec3b36	2026-05-15	ashby-api	Sales Engineer (German speaking)	Sierra	added
https://jobs.ashbyhq.com/sierra/ecbaa355-c644-471a-ac11-07a21ee0c543	2026-05-15	ashby-api	Sales Engineer (French speaking)	Sierra	added
https://jobs.ashbyhq.com/sierra/548eccd8-85c7-4cfa-a145-1c6ba5c17dc2	2026-05-15	ashby-api	Strategist, Agent Development	Sierra	added
https://jobs.ashbyhq.com/sierra/38f06024-4ee9-47d6-a36f-f2791ac1e412	2026-05-15	ashby-api	Product Manager, Agent Development (French speaking)	Sierra	added
https://jobs.ashbyhq.com/sierra/4892f01e-8871-4b32-8963-527f1cf8db5d	2026-05-15	ashby-api	Product Manager, Agent Development (Spanish speaking)	Sierra	added
https://jobs.ashbyhq.com/sierra/39c1ed90-786b-41c6-943e-7c2427f90043	2026-05-15	ashby-api	Enterprise Account Executive, Europe (German speaking)	Sierra	added
https://jobs.ashbyhq.com/sierra/9ebc3a79-82bf-478d-bd98-d473d41bdeaf	2026-05-15	ashby-api	Software Engineer, Agent (German speaking)	Sierra	added
https://jobs.ashbyhq.com/sierra/9d9e7d4a-2a27-4f64-9b1f-d79c5d3f129a	2026-05-15	ashby-api	Software Engineer, Agent (French speaking)	Sierra	added
https://jobs.ashbyhq.com/sierra/aadfc0a0-93f6-454b-9767-c24793fa3eff	2026-05-15	ashby-api	Software Engineer, Agent (Spanish speaking)	Sierra	added
https://jobs.ashbyhq.com/sierra/9f5b273f-1604-4b5b-bbbb-13cf0af35150	2026-05-15	ashby-api	Enterprise Account Executive, Europe (Italian speaking)	Sierra	added
https://jobs.ashbyhq.com/sierra/ef109d91-43de-4f96-94e5-fac6f1d8c8e1	2026-05-15	ashby-api	Sales Director, Spain	Sierra	added
https://jobs.ashbyhq.com/sierra/0c892d11-9f19-4b8d-9c2b-409346c52b7a	2026-05-15	ashby-api	Software Engineer, Agent Data Platform	Sierra	added
https://jobs.ashbyhq.com/sierra/2dee25a0-a0c1-425e-b67a-9d49fc821369	2026-05-15	ashby-api	Agent Engineer, TLM	Sierra	added
https://jobs.ashbyhq.com/sierra/8d46d44c-8294-4807-a6b1-5087f0506a38	2026-05-15	ashby-api	Strategist, Agent Development (Spanish speaking)	Sierra	added
https://jobs.ashbyhq.com/sierra/b1fc320b-d0d2-4ca5-9ce3-2ce8f51cf70e	2026-05-15	ashby-api	Strategist, Agent Development (French speaking)	Sierra	added
https://jobs.ashbyhq.com/sierra/2fdb200f-c5cf-420c-9997-5e5cea6e1e20	2026-05-15	ashby-api	Software Engineer, Agent Builder	Sierra	added
https://jobs.ashbyhq.com/sierra/6207b02d-d334-4000-b84e-2af779171838	2026-05-15	ashby-api	Software Engineer, Agent (Italian speaking)	Sierra	added
https://jobs.ashbyhq.com/sierra/9dc1651d-43e9-4970-a757-a5223cef1c4d	2026-05-15	ashby-api	Product Manager, Agent Development (Arabic speaking)	Sierra	added
https://jobs.ashbyhq.com/sierra/1045b1db-228b-40df-97d8-a8f9371d35bd	2026-05-15	ashby-api	Strategist, Agent Development (German speaking)	Sierra	added
https://jobs.ashbyhq.com/sierra/034c2c56-357f-4ed2-9da7-f4d36a999385	2026-05-15	ashby-api	Strategist, Agent Development (Arabic speaking)	Sierra	added
https://jobs.ashbyhq.com/sierra/edf44ab4-538b-4e65-b93c-392c950b9fe6	2026-05-15	ashby-api	Product Manager, Agent Development 	Sierra	added
https://jobs.ashbyhq.com/sierra/2e07f536-bbaa-4cc0-957a-774ddf99de64	2026-05-15	ashby-api	Product Manager, Agent Development (Italian speaking)	Sierra	added
https://jobs.ashbyhq.com/sierra/ce463311-0c6c-43d9-ab79-dd751743104f	2026-05-15	ashby-api	Software Engineer, Agent (Arabic speaking)	Sierra	added
https://jobs.ashbyhq.com/sierra/fe103c28-bc7e-433e-ad82-90a1655cba32	2026-05-15	ashby-api	Enterprise Account Executive, Europe (Arabic speaking)	Sierra	added
https://jobs.ashbyhq.com/sierra/0e73be8d-e05f-4c47-aa74-416b2984334c	2026-05-15	ashby-api	Strategist, Agent Development (Italian speaking)	Sierra	added
https://jobs.ashbyhq.com/sierra/44120ba5-4cf7-48a1-86af-7981c41c179e	2026-05-15	ashby-api	Strategist, Agent Development 	Sierra	added
https://jobs.ashbyhq.com/sierra/10d2e2f1-6657-40c9-b6fb-6999c76df6cf	2026-05-15	ashby-api	Product Manager, Agent SDK	Sierra	added
https://jobs.ashbyhq.com/sierra/1a0e307f-7f02-4971-820c-a244ad909617	2026-05-15	ashby-api	Agent Experience Designer, Voice (Multilingual)	Sierra	added
https://jobs.ashbyhq.com/sierra/e296cc07-99ca-4ec0-a826-8bdcd168fa15	2026-05-15	ashby-api	Integrated Campaign Marketer	Sierra	added
https://jobs.ashbyhq.com/sierra/2a76bb97-2719-413c-94ad-775553e63abd	2026-05-15	ashby-api	Strategist, Agent Development - Financial Services	Sierra	added
https://jobs.ashbyhq.com/sierra/ebe951fb-8e8d-4bff-a499-e19010018f3b	2026-05-15	ashby-api	Strategist, Agent Development - Healthcare	Sierra	added
https://jobs.ashbyhq.com/sierra/eb3ee157-3d2a-412a-88a2-e2cfc5647a66	2026-05-15	ashby-api	Software Engineer, Agent - Healthcare	Sierra	added
https://jobs.ashbyhq.com/sierra/85e1d0f9-e0d5-4a82-9b30-fa4372e32872	2026-05-15	ashby-api	GTM Operations, Agent Development	Sierra	added
https://jobs.ashbyhq.com/sierra/65eb2c63-c936-4e8e-87e7-ea080dcdca73	2026-05-15	ashby-api	Product Manager, Agent Development - Healthcare	Sierra	added
https://jobs.ashbyhq.com/sierra/39355227-d7a2-4066-b930-2bf2eeebc20c	2026-05-15	ashby-api	Sales Engineer (Spain)	Sierra	added
https://jobs.ashbyhq.com/sierra/0c66e8ed-1c18-4b64-ad27-a522a866b6e1	2026-05-15	ashby-api	Product Manager, Voice	Sierra	added
https://jobs.ashbyhq.com/sierra/5aaa2eeb-92bc-4b0a-901e-8e091eff819e	2026-05-15	ashby-api	Product Manager, Agent Studio	Sierra	added
https://jobs.ashbyhq.com/sierra/22ba107d-de01-4aa3-98fc-838cccad760c	2026-05-15	ashby-api	Product Manager, Ghostwriter	Sierra	added
https://jobs.ashbyhq.com/sierra/b8a89b9a-70a1-4e47-874c-41542d1bc60a	2026-05-15	ashby-api	Software Engineer, Agent (Korean Speaking)	Sierra	added
https://jobs.ashbyhq.com/sierra/1162dcd2-b181-49d5-9316-342cd68acbed	2026-05-15	ashby-api	Software Engineer, Agent (Thai Speaking)	Sierra	added
https://jobs.ashbyhq.com/sierra/a4541730-ae7f-4771-b3e9-7f9da6cc5d23	2026-05-15	ashby-api	Software Engineer, Agent (Cantonese Speaking)	Sierra	added
https://jobs.ashbyhq.com/sierra/d9c0aa93-e35d-4752-9cef-4c39dcad5365	2026-05-15	ashby-api	Forward Deployed Infrastructure Engineer	Sierra	added
https://jobs.ashbyhq.com/sierra/1e052261-0c89-4ccb-abfa-3820a1596a6e	2026-05-15	ashby-api	Product Manager, Infrastructure	Sierra	added
https://job-boards.greenhouse.io/blackforestlabs/jobs/4132230008	2026-05-15	greenhouse-api	Member of Technical Staff - ML Infrastructure Engineer	Black Forest Labs	added
https://job-boards.greenhouse.io/blackforestlabs/jobs/5193512008	2026-05-15	greenhouse-api	Member of Technical Staff - Post Training	Black Forest Labs	added
https://job-boards.greenhouse.io/blackforestlabs/jobs/5193508008	2026-05-15	greenhouse-api	Member of Technical Staff - Pretraining	Black Forest Labs	added
https://job-boards.greenhouse.io/blackforestlabs/jobs/4642947008	2026-05-15	greenhouse-api	Senior Solutions Architect  	Black Forest Labs	added
https://helsing.ai/jobs/4334849101?gh_jid=4334849101	2026-05-15	greenhouse-api	AI Research Engineer - AI Safety	Helsing	added
https://helsing.ai/jobs/4766708101?gh_jid=4766708101	2026-05-15	greenhouse-api	AI Research Engineer - Foundation Models	Helsing	added
https://helsing.ai/jobs/4778869101?gh_jid=4778869101	2026-05-15	greenhouse-api	AI Research Engineer - ML Engineering	Helsing	added
https://helsing.ai/jobs/4676357101?gh_jid=4676357101	2026-05-15	greenhouse-api	AI Research Engineer - Reinforcement Learning	Helsing	added
https://helsing.ai/jobs/4423924101?gh_jid=4423924101	2026-05-15	greenhouse-api	AI Research Engineer - Robotics	Helsing	added
https://helsing.ai/jobs/4372802101?gh_jid=4372802101	2026-05-15	greenhouse-api	AI Research Engineer - Signal Processing	Helsing	added
https://helsing.ai/jobs/4312517101?gh_jid=4312517101	2026-05-15	greenhouse-api	AI Working Student - Computer Vision	Helsing	added
https://helsing.ai/jobs/4516967101?gh_jid=4516967101	2026-05-15	greenhouse-api	Deployed AI Engineer	Helsing	added
https://helsing.ai/jobs/4790417101?gh_jid=4790417101	2026-05-15	greenhouse-api	Product Manager - Development, Testing & Validation Platform	Helsing	added
https://helsing.ai/jobs/4849032101?gh_jid=4849032101	2026-05-15	greenhouse-api	Senior Programme Manager - Air Defence	Helsing	added
https://helsing.ai/jobs/4741565101?gh_jid=4741565101	2026-05-15	greenhouse-api	Software Engineer - Airborne Mission Systems	Helsing	added
https://helsing.ai/jobs/4741571101?gh_jid=4741571101	2026-05-15	greenhouse-api	Software Engineer - Autonomous Air Systems	Helsing	added
https://helsing.ai/jobs/4741219101?gh_jid=4741219101	2026-05-15	greenhouse-api	Software Engineer - Autonomous Air System V&V	Helsing	added
https://helsing.ai/jobs/4741224101?gh_jid=4741224101	2026-05-15	greenhouse-api	Software Engineer - Frontend Autonomous Air System V&V	Helsing	added
https://helsing.ai/jobs/4741242101?gh_jid=4741242101	2026-05-15	greenhouse-api	Software Engineer - Ground to Air HMI	Helsing	added
https://helsing.ai/jobs/4851120101?gh_jid=4851120101	2026-05-15	greenhouse-api	Supply Chain Manager	Helsing	added
https://helsing.ai/jobs/4787205101?gh_jid=4787205101	2026-05-15	greenhouse-api	Systems Engineer - Command and Control (Air)	Helsing	added
https://job-boards.greenhouse.io/contentful/jobs/6137574	2026-05-15	greenhouse-api	Business Development Representative, Commercial- French speaking (f/m/d)	Contentful	added
https://job-boards.greenhouse.io/contentful/jobs/5853004	2026-05-15	greenhouse-api	Business Development Representative, Enterprise - French speaking (f/m/d)	Contentful	added
https://job-boards.greenhouse.io/contentful/jobs/5853009	2026-05-15	greenhouse-api	Business Development Representative, Enterprise- German speaking (f/m/d)	Contentful	added
https://job-boards.greenhouse.io/contentful/jobs/6671440	2026-05-15	greenhouse-api	Business Development Representative, Enterprise- Italian Speaking (f/m/d)	Contentful	added
https://job-boards.greenhouse.io/contentful/jobs/6696223	2026-05-15	greenhouse-api	Business Development Representative, Enterprise- Spanish speaking (f/m/d)	Contentful	added
https://job-boards.greenhouse.io/contentful/jobs/5852946	2026-05-15	greenhouse-api	Business Development Representative, Mid Market UKI (f/m/d)	Contentful	added
https://job-boards.greenhouse.io/contentful/jobs/7177651	2026-05-15	greenhouse-api	Mid Market Account Executive - UKI (f/m/d)	Contentful	added
https://job-boards.greenhouse.io/contentful/jobs/7776562	2026-05-15	greenhouse-api	Senior Backend Engineer - AI Platform (f/m/d)	Contentful	added
https://job-boards.greenhouse.io/contentful/jobs/7682062	2026-05-15	greenhouse-api	Senior Platform Engineer (f/m/d)	Contentful	added
https://job-boards.greenhouse.io/contentful/jobs/7635752	2026-05-15	greenhouse-api	Senior Product Manager (f/m/d)	Contentful	added
https://jobs.ashbyhq.com/attio/d48617ff-be9b-41cd-aff7-3ad2f826ca74	2026-05-15	ashby-api	Solutions Engineer [Pre and Post-Sales] - Mid-Market	Attio	added
https://jobs.ashbyhq.com/attio/ce226be1-8237-41ce-b5ca-97c18d3ca8e6	2026-05-15	ashby-api	Solutions Engineer [Pre and Post-Sales] - SMB	Attio	added
https://job-boards.greenhouse.io/celonis/jobs/7681593003?gh_jid=7681593003	2026-05-15	greenhouse-api	Applied AI Engineer	Celonis	added
https://job-boards.greenhouse.io/celonis/jobs/7711782003?gh_jid=7711782003	2026-05-15	greenhouse-api	Applied Engineer (Solution Consultant) - Supply Chain	Celonis	added
https://job-boards.greenhouse.io/celonis/jobs/7662738003?gh_jid=7662738003	2026-05-15	greenhouse-api	Associate Applied AI Engineer (APAC) - Orbit Program	Celonis	added
https://job-boards.greenhouse.io/celonis/jobs/7662718003?gh_jid=7662718003	2026-05-15	greenhouse-api	Associate Applied AI Engineer (Japan) - Orbit Program	Celonis	added
https://job-boards.greenhouse.io/celonis/jobs/7669112003?gh_jid=7669112003	2026-05-15	greenhouse-api	Associate Applied AI Engineer (Madrid/Spain) - Orbit Program	Celonis	added
https://job-boards.greenhouse.io/celonis/jobs/7627647003?gh_jid=7627647003	2026-05-15	greenhouse-api	Associate Value Engineer (AI-Driven Data Science & Analytics) - Orbit Program	Celonis	added
https://job-boards.greenhouse.io/celonis/jobs/7722853003?gh_jid=7722853003	2026-05-15	greenhouse-api	Client Account Lead - AI-Driven Transformation & Process Intelligence	Celonis	added
https://job-boards.greenhouse.io/celonis/jobs/7718201003?gh_jid=7718201003	2026-05-15	greenhouse-api	Client Account Lead - Strategy Transformation	Celonis	added
https://job-boards.greenhouse.io/celonis/jobs/7683568003?gh_jid=7683568003	2026-05-15	greenhouse-api	Client Engagement Partner - AI-Driven Transformation & Process Intelligence	Celonis	added
https://job-boards.greenhouse.io/celonis/jobs/7714520003?gh_jid=7714520003	2026-05-15	greenhouse-api	Client Value Partner - AI-Driven Transformation & Process Intelligence	Celonis	added
https://job-boards.greenhouse.io/celonis/jobs/7669258003?gh_jid=7669258003	2026-05-15	greenhouse-api	Client Value Partner (CVP) - AI-Driven Transformation & Process Intelligence	Celonis	added
https://job-boards.greenhouse.io/celonis/jobs/7721140003?gh_jid=7721140003	2026-05-15	greenhouse-api	Client Value Partner - Retail	Celonis	added
https://job-boards.greenhouse.io/celonis/jobs/7610416003?gh_jid=7610416003	2026-05-15	greenhouse-api	Field CTO - AI & Enterprise Modernization	Celonis	added
https://job-boards.greenhouse.io/celonis/jobs/7610415003?gh_jid=7610415003	2026-05-15	greenhouse-api	Field CTO - AI & Enterprise Modernization 	Celonis	added
https://job-boards.greenhouse.io/celonis/jobs/7703852003?gh_jid=7703852003	2026-05-15	greenhouse-api	Global Events Working Student	Celonis	added
https://job-boards.greenhouse.io/celonis/jobs/6313846003?gh_jid=6313846003	2026-05-15	greenhouse-api	Head of Industry - Banking 	Celonis	added
https://job-boards.greenhouse.io/celonis/jobs/6313860003?gh_jid=6313860003	2026-05-15	greenhouse-api	Head of Industry - Retail & CPG	Celonis	added
https://job-boards.greenhouse.io/celonis/jobs/6313858003?gh_jid=6313858003	2026-05-15	greenhouse-api	Head of Industry - Retail & CPG 	Celonis	added
https://job-boards.greenhouse.io/celonis/jobs/6647584003?gh_jid=6647584003	2026-05-15	greenhouse-api	Lead AI Consultant	Celonis	added
https://job-boards.greenhouse.io/celonis/jobs/6320587003?gh_jid=6320587003	2026-05-15	greenhouse-api	Lead AI Deployment Architect	Celonis	added
https://job-boards.greenhouse.io/celonis/jobs/7648582003?gh_jid=7648582003	2026-05-15	greenhouse-api	Lead Value Engineer - Banking	Celonis	added
https://job-boards.greenhouse.io/celonis/jobs/7635342003?gh_jid=7635342003	2026-05-15	greenhouse-api	Lead Value Engineering - Consumer Packaged Good and Retail	Celonis	added
https://job-boards.greenhouse.io/celonis/jobs/7544126003?gh_jid=7544126003	2026-05-15	greenhouse-api	Manager, Value Engineering - Public Sector Transformation	Celonis	added
https://job-boards.greenhouse.io/celonis/jobs/7618605003?gh_jid=7618605003	2026-05-15	greenhouse-api	Principal AI Deployment Architect	Celonis	added
https://job-boards.greenhouse.io/celonis/jobs/7532066003?gh_jid=7532066003	2026-05-15	greenhouse-api	Principal Consultant - AI Governance 	Celonis	added
https://job-boards.greenhouse.io/celonis/jobs/7704260003?gh_jid=7704260003	2026-05-15	greenhouse-api	Senior AI Deployment Architect 	Celonis	added
https://job-boards.greenhouse.io/celonis/jobs/7479634003?gh_jid=7479634003	2026-05-15	greenhouse-api	Senior Applied AI Engineer 	Celonis	added
https://job-boards.greenhouse.io/celonis/jobs/7681606003?gh_jid=7681606003	2026-05-15	greenhouse-api	Senior Applied AI Engineer - Public Sector	Celonis	added
https://job-boards.greenhouse.io/celonis/jobs/7614505003?gh_jid=7614505003	2026-05-15	greenhouse-api	Senior Applied AI Engineer (Value Engineering) - EMEA/UKIE	Celonis	added
https://job-boards.greenhouse.io/celonis/jobs/7695040003?gh_jid=7695040003	2026-05-15	greenhouse-api	Senior Applied AI Solutions Architect - Process Intelligence	Celonis	added
https://job-boards.greenhouse.io/celonis/jobs/7683570003?gh_jid=7683570003	2026-05-15	greenhouse-api	Senior Applied AI Solutions Architect - Process Intelligence (Public Sector)	Celonis	added
https://job-boards.greenhouse.io/celonis/jobs/7661696003?gh_jid=7661696003	2026-05-15	greenhouse-api	Senior Applied AI Solutions Consultant	Celonis	added
https://job-boards.greenhouse.io/celonis/jobs/7695048003?gh_jid=7695048003	2026-05-15	greenhouse-api	Senior Applied AI Solutions Consultant 	Celonis	added
https://job-boards.greenhouse.io/celonis/jobs/7683572003?gh_jid=7683572003	2026-05-15	greenhouse-api	Senior Applied AI Solutions Consultant (Public Sector)	Celonis	added
https://job-boards.greenhouse.io/celonis/jobs/7635486003?gh_jid=7635486003	2026-05-15	greenhouse-api	Senior Applied Value Engineer - UKI Oil & Gas	Celonis	added
https://job-boards.greenhouse.io/celonis/jobs/7586202003?gh_jid=7586202003	2026-05-15	greenhouse-api	Senior Business Transformation & Process Optimisation Consultant 	Celonis	added
https://job-boards.greenhouse.io/celonis/jobs/7594944003?gh_jid=7594944003	2026-05-15	greenhouse-api	Senior Consultant - Data Analytics and Supply Chain Transformation	Celonis	added
https://job-boards.greenhouse.io/celonis/jobs/7731772003?gh_jid=7731772003	2026-05-15	greenhouse-api	Senior Integration & Automation Engineer	Celonis	added
https://job-boards.greenhouse.io/celonis/jobs/7661697003?gh_jid=7661697003	2026-05-15	greenhouse-api	Senior Management & Technology Consultant - AI & Process Analytics	Celonis	added
https://job-boards.greenhouse.io/celonis/jobs/7683575003?gh_jid=7683575003	2026-05-15	greenhouse-api	Senior Management & Technology Consultant - AI & Process Analytics (Public Sector)	Celonis	added
https://job-boards.greenhouse.io/celonis/jobs/7638119003?gh_jid=7638119003	2026-05-15	greenhouse-api	Senior Product Manager - Celonis Labs	Celonis	added
https://job-boards.greenhouse.io/celonis/jobs/7687708003?gh_jid=7687708003	2026-05-15	greenhouse-api	Senior Product Manager - Extractors (Data Integration)	Celonis	added
https://job-boards.greenhouse.io/celonis/jobs/7678804003?gh_jid=7678804003	2026-05-15	greenhouse-api	Senior Software Engineer - Orchestration and Automation	Celonis	added
https://job-boards.greenhouse.io/celonis/jobs/7677452003?gh_jid=7677452003	2026-05-15	greenhouse-api	Senior Solutions Architect	Celonis	added
https://job-boards.greenhouse.io/celonis/jobs/7657903003?gh_jid=7657903003	2026-05-15	greenhouse-api	Territory Partner Manager (Mumbai)	Celonis	added
https://job-boards.greenhouse.io/celonis/jobs/7702268003?gh_jid=7702268003	2026-05-15	greenhouse-api	Workday Integration & Automation Sr. Engineer	Celonis	added
https://job-boards.greenhouse.io/celonis/jobs/7713599003?gh_jid=7713599003	2026-05-15	greenhouse-api	Working Student Applied AI Brand Solutions 	Celonis	added
https://job-boards.greenhouse.io/celonis/jobs/7692052003?gh_jid=7692052003	2026-05-15	greenhouse-api	Working Student Tax	Celonis	added
https://job-boards.greenhouse.io/celonis/jobs/7691023003?gh_jid=7691023003	2026-05-15	greenhouse-api	Working Student Trust (Third-Party Risk Management)	Celonis	added
https://getyourguide.careers/jobs/7894530?gh_jid=7894530	2026-05-15	greenhouse-api	AI/ML Manager, Supply Data Products	GetYourGuide	added
https://getyourguide.careers/jobs/7541247?gh_jid=7541247	2026-05-15	greenhouse-api	B2B Lifecycle & CRM Campaign Lead	GetYourGuide	added
https://getyourguide.careers/jobs/7657103?gh_jid=7657103	2026-05-15	greenhouse-api	Lead Product Manager, Paid Search	GetYourGuide	added
https://getyourguide.careers/jobs/6687709?gh_jid=6687709	2026-05-15	greenhouse-api	Legal Trainee (Rechtsreferendar)	GetYourGuide	added
https://getyourguide.careers/jobs/7738772?gh_jid=7738772	2026-05-15	greenhouse-api	Senior AI Enablement Specialist	GetYourGuide	added
https://getyourguide.careers/jobs/7903243?gh_jid=7903243	2026-05-15	greenhouse-api	Senior Decision Scientist, Ranking	GetYourGuide	added
https://getyourguide.careers/jobs/7422312?gh_jid=7422312	2026-05-15	greenhouse-api	Senior Engineering Manager, AI Platform	GetYourGuide	added
https://getyourguide.careers/jobs/7837883?gh_jid=7837883	2026-05-15	greenhouse-api	Senior Legal Counsel - Data, Privacy & AI	GetYourGuide	added
https://getyourguide.careers/jobs/7594703?gh_jid=7594703	2026-05-15	greenhouse-api	Senior ML Ops Engineer, AI Platform Team	GetYourGuide	added
https://getyourguide.careers/jobs/7887400?gh_jid=7887400	2026-05-15	greenhouse-api	Senior Product Manager, B2B 	GetYourGuide	added
https://getyourguide.careers/jobs/7556882?gh_jid=7556882	2026-05-15	greenhouse-api	Senior Product Manager, Connectivity 	GetYourGuide	added
https://getyourguide.careers/jobs/7865219?gh_jid=7865219	2026-05-15	greenhouse-api	Senior Product Manager, Discovery (B2C) 	GetYourGuide	added
https://n26.com/en-eu/careers/positions/7806657?gh_jid=7806657	2026-05-15	greenhouse-api	Banking Operations Analyst - French speaker	N26	added
https://n26.com/en-eu/careers/positions/7811309?gh_jid=7811309	2026-05-15	greenhouse-api	Banking Operations Associate - Treasury Operations	N26	added
https://n26.com/en-eu/careers/positions/7861627?gh_jid=7861627	2026-05-15	greenhouse-api	Complaints Process Manager (German Market)	N26	added
https://n26.com/en-eu/careers/positions/7866493?gh_jid=7866493	2026-05-15	greenhouse-api	Data Analytics Manager - Everyday Banking	N26	added
https://n26.com/en-eu/careers/positions/7704615?gh_jid=7704615	2026-05-15	greenhouse-api	Director of Marketing [Paid]	N26	added
https://n26.com/en-eu/careers/positions/7868515?gh_jid=7868515	2026-05-15	greenhouse-api	Product Manager - Data Governance & Analytics Engineering	N26	added
https://n26.com/en-eu/careers/positions/7868456?gh_jid=7868456	2026-05-15	greenhouse-api	Product Manager - Lending	N26	added
https://n26.com/en-eu/careers/positions/7646172?gh_jid=7646172	2026-05-15	greenhouse-api	Regulatory Reporting Manager (German fluent, remote contract in Germany or Spain)	N26	added
https://n26.com/en-eu/careers/positions/7845575?gh_jid=7845575	2026-05-15	greenhouse-api	Senior AI & Automation Manager	N26	added
https://n26.com/en-eu/careers/positions/7597686?gh_jid=7597686	2026-05-15	greenhouse-api	Senior Full-Stack Security Automation Engineer	N26	added
https://n26.com/en-eu/careers/positions/7682984?gh_jid=7682984	2026-05-15	greenhouse-api	Senior Legal Counsel Banking Law	N26	added
https://n26.com/en-eu/careers/positions/7353321?gh_jid=7353321	2026-05-15	greenhouse-api	Senior Manager Banking Operations	N26	added
https://n26.com/en-eu/careers/positions/7704226?gh_jid=7704226	2026-05-15	greenhouse-api	(Senior) Product Manager - Onboarding & KYC	N26	added
https://n26.com/en-eu/careers/positions/7140058?gh_jid=7140058	2026-05-15	greenhouse-api	Senior Product Manager - Payments Platform (Backend)	N26	added
https://n26.com/en-eu/careers/positions/7653388?gh_jid=7653388	2026-05-15	greenhouse-api	Senior Product Manager - Runtime Platform	N26	added
https://traderepublic.com/en-de/about?jobId=7728234003&gh_jid=7728234003	2026-05-15	greenhouse-api	Legal Working Student	Trade Republic	added
https://traderepublic.com/en-de/about?jobId=7539278003&gh_jid=7539278003	2026-05-15	greenhouse-api	Mobile Test Automation Specialist (Berlin/London/Paris)	Trade Republic	added
https://traderepublic.com/en-de/about?jobId=7509277003&gh_jid=7509277003	2026-05-15	greenhouse-api	Paid Social & Search Manager	Trade Republic	added
https://traderepublic.com/en-de/about?jobId=7685052003&gh_jid=7685052003	2026-05-15	greenhouse-api	Senior Kafka Platform Engineer	Trade Republic	added
https://traderepublic.com/en-de/about?jobId=6673504003&gh_jid=6673504003	2026-05-15	greenhouse-api	(Senior) Platform Engineer (Go)	Trade Republic	added
https://traderepublic.com/en-de/about?jobId=7685049003&gh_jid=7685049003	2026-05-15	greenhouse-api	Senior PostgreSQL Platform Engineer	Trade Republic	added
https://traderepublic.com/en-de/about?jobId=5614731003&gh_jid=5614731003	2026-05-15	greenhouse-api	Senior Technical Product Manager	Trade Republic	added
https://traderepublic.com/en-de/about?jobId=6551435003&gh_jid=6551435003	2026-05-15	greenhouse-api	Senior Technical Product Manager - Banking infra	Trade Republic	added
https://traderepublic.com/en-de/about?jobId=7548600003&gh_jid=7548600003	2026-05-15	greenhouse-api	Working Student – Corporate IT & Operations (m/f/d)	Trade Republic	added
https://jobs.ashbyhq.com/lakera.ai/6f04a898-893e-439f-8601-c25a30418c13	2026-05-15	ashby-api	Staff ML Engineer (Zürich)	Lakera	added
https://jobs.ashbyhq.com/lakera.ai/158d9a05-bc1d-49fd-81f1-bf1229e8021f	2026-05-15	ashby-api	Senior ML Engineer (Zürich)	Lakera	added
https://jobs.ashbyhq.com/lakera.ai/55dd0a97-cd7a-441c-95b4-8f55f63ed29a	2026-05-15	ashby-api	Solutions Engineer (Dallas, Texas)	Lakera	added
https://jobs.ashbyhq.com/lakera.ai/da6a7e0b-39bc-4bec-aafe-10669baf2434	2026-05-15	ashby-api	Solutions Engineer (New York City, New York)	Lakera	added
https://jobs.ashbyhq.com/lakera.ai/be24c900-5253-4e41-a4f9-1ad3a294d202	2026-05-15	ashby-api	Solutions Engineer (London)	Lakera	added
https://jobs.ashbyhq.com/lakera.ai/64cd7920-fec3-4e97-8688-e592cc8f5898	2026-05-15	ashby-api	Solutions Engineer (Mumbai)	Lakera	added
https://jobs.ashbyhq.com/lakera.ai/27130c78-fb9a-436b-a8a1-6445b1bcf329	2026-05-15	ashby-api	Solutions Engineer (Singapore)	Lakera	added
https://jobs.ashbyhq.com/lakera.ai/a08b489f-d492-4cb5-9c78-301440580cb3	2026-05-15	ashby-api	Solutions Engineer (Tokyo)	Lakera	added
https://jobs.ashbyhq.com/lakera.ai/2c533f1b-4fe3-40da-a3e2-4627977cbda4	2026-05-15	ashby-api	Enterprise Account Executive, UAE (Dubai)	Lakera	added
https://jobs.ashbyhq.com/lakera.ai/da7230cb-fa5a-4042-abd3-6e79fbbeccbf	2026-05-15	ashby-api	Marketing Operations Manager - AI Security	Lakera	added
https://jobs.ashbyhq.com/lakera.ai/6affd7e7-4efa-49d0-b577-571177d533d2	2026-05-15	ashby-api	Solutions Engineer (Germany)	Lakera	added
https://jobs.ashbyhq.com/lakera.ai/792d73ef-829e-460b-9d90-f08890a5b6f6	2026-05-15	ashby-api	Solutions Engineer (Italy)	Lakera	added
https://jobs.ashbyhq.com/lakera.ai/523d6d1a-0385-496a-ad74-ecd5f64212be	2026-05-15	ashby-api	Solutions Engineer, Manager (UK)	Lakera	added
https://jobs.ashbyhq.com/lakera.ai/25b1cf59-fee8-4009-a36f-2b0b83b3cc56	2026-05-15	ashby-api	Software Engineer, Agentic team	Lakera	added
https://jobs.ashbyhq.com/lakera.ai/4513f73f-dcf9-4739-bf4d-a30889964199	2026-05-15	ashby-api	Solutions Engineer (Tel-Aviv, Israel)	Lakera	added
https://jobs.ashbyhq.com/lakera.ai/dcaef0d1-fdcb-4299-9f3e-1aba87dc33b2	2026-05-15	ashby-api	Solutions Engineer (Boston, Massachusetts)	Lakera	added
https://jobs.ashbyhq.com/lakera.ai/12b50d6e-3977-45e7-975a-6a72ebb1312d	2026-05-15	ashby-api	Solutions Engineer (Washington D.C.)	Lakera	added
https://jobs.ashbyhq.com/lakera.ai/f476a0ea-dfda-459e-a90d-e28bc9c6a2a1	2026-05-15	ashby-api	Solutions Engineer (Philadelphia, Pennsylvania)	Lakera	added
https://jobs.ashbyhq.com/lakera.ai/5e6ad31b-5597-4106-a864-2db3d8ad7f91	2026-05-15	ashby-api	Solutions Engineer (Miami, Florida)	Lakera	added
https://jobs.ashbyhq.com/lakera.ai/b286cb02-de27-4f6b-866a-2262dfcacacd	2026-05-15	ashby-api	Solutions Engineer (Jersey City, New Jersey)	Lakera	added
https://jobs.ashbyhq.com/lakera.ai/24ddfe7e-f7f8-41f9-b3c9-26f59f636c7e	2026-05-15	ashby-api	Solutions Engineer (Pittsburgh, Pennsylvania)	Lakera	added
https://careers.hellofresh.com/global/en/job/7898549?gh_jid=7898549	2026-05-15	greenhouse-api	Anlagentechniker (all genders)	HelloFresh	added
https://careers.hellofresh.com/global/en/job/7586851?gh_jid=7586851	2026-05-15	greenhouse-api	Area Manager I - Fulfillment	HelloFresh	added
https://careers.hellofresh.com/global/en/job/7549573?gh_jid=7549573	2026-05-15	greenhouse-api	Associate Director of Retail Media Operations & Inventory (all genders)	HelloFresh	added
https://careers.hellofresh.com/global/en/job/7722066?gh_jid=7722066	2026-05-15	greenhouse-api	Automation Engineer	HelloFresh	added
https://careers.hellofresh.com/global/en/job/7869765?gh_jid=7869765	2026-05-15	greenhouse-api	Automation Engineer (all genders)	HelloFresh	added
https://careers.hellofresh.com/global/en/job/7522444?gh_jid=7522444	2026-05-15	greenhouse-api	DC Senior Supply Chain Manager (H/F/X)	HelloFresh	added
https://careers.hellofresh.com/global/en/job/7608865?gh_jid=7608865	2026-05-15	greenhouse-api	Facilities & Maintenance Manager	HelloFresh	added
https://careers.hellofresh.com/global/en/job/7553236?gh_jid=7553236	2026-05-15	greenhouse-api	Fulfillment Operations Team Lead	HelloFresh	added
https://careers.hellofresh.com/global/en/job/7835861?gh_jid=7835861	2026-05-15	greenhouse-api	[HELLOCONNECT] Sustainability Coordinator	HelloFresh	added
https://careers.hellofresh.com/global/en/job/7593660?gh_jid=7593660	2026-05-15	greenhouse-api	Koordinator für Arbeitssicherheit und Notfallmanagement (all genders)	HelloFresh	added
https://careers.hellofresh.com/global/en/job/7784793?gh_jid=7784793	2026-05-15	greenhouse-api	Maintenance Electrician	HelloFresh	added
https://careers.hellofresh.com/global/en/job/7605901?gh_jid=7605901	2026-05-15	greenhouse-api	Maintenance Fitter	HelloFresh	added
https://careers.hellofresh.com/global/en/job/7775119?gh_jid=7775119	2026-05-15	greenhouse-api	Maintenance Planner	HelloFresh	added
https://careers.hellofresh.com/global/en/job/7774991?gh_jid=7774991	2026-05-15	greenhouse-api	Maintenance Planner/Scheduler 	HelloFresh	added
https://careers.hellofresh.com/global/en/job/7897141?gh_jid=7897141	2026-05-15	greenhouse-api	Maintenance Technician (all genders)	HelloFresh	added
https://careers.hellofresh.com/global/en/job/7775847?gh_jid=7775847	2026-05-15	greenhouse-api	Maintenance Technician I 	HelloFresh	added
https://careers.hellofresh.com/global/en/job/7813114?gh_jid=7813114	2026-05-15	greenhouse-api	Maintenance Technician II	HelloFresh	added
https://careers.hellofresh.com/global/en/job/7834256?gh_jid=7834256	2026-05-15	greenhouse-api	Maintenance Technician III	HelloFresh	added
https://careers.hellofresh.com/global/en/job/7792121?gh_jid=7792121	2026-05-15	greenhouse-api	Maintenance Technician III 	HelloFresh	added
https://careers.hellofresh.com/global/en/job/7874237?gh_jid=7874237	2026-05-15	greenhouse-api	Marketing Manager, Paid Search	HelloFresh	added
https://careers.hellofresh.com/global/en/job/7818200?gh_jid=7818200	2026-05-15	greenhouse-api	Multi Skilled Engineer	HelloFresh	added
https://careers.hellofresh.com/global/en/job/7818196?gh_jid=7818196	2026-05-15	greenhouse-api	Multi Skilled Maintenance Engineer	HelloFresh	added
https://careers.hellofresh.com/global/en/job/7592342?gh_jid=7592342	2026-05-15	greenhouse-api	Operations Trainer 	HelloFresh	added
https://careers.hellofresh.com/global/en/job/7742572?gh_jid=7742572	2026-05-15	greenhouse-api	Quality and Training Officer	HelloFresh	added
https://careers.hellofresh.com/global/en/job/7649239?gh_jid=7649239	2026-05-15	greenhouse-api	Schichtleiter Maintenance (all genders)	HelloFresh	added
https://careers.hellofresh.com/global/en/job/7359464?gh_jid=7359464	2026-05-15	greenhouse-api	 Senior Director, Paid Social	HelloFresh	added
https://careers.hellofresh.com/global/en/job/7824418?gh_jid=7824418	2026-05-15	greenhouse-api	Senior Product Manager II, Personalisation & Data	HelloFresh	added
https://careers.hellofresh.com/global/en/job/7913341?gh_jid=7913341	2026-05-15	greenhouse-api	Senior Regional Director, Fulfillment Operations	HelloFresh	added
https://careers.hellofresh.com/global/en/job/7594595?gh_jid=7594595	2026-05-15	greenhouse-api	Staff Product Manager, Growth 	HelloFresh	added
https://careers.hellofresh.com/global/en/job/7908866?gh_jid=7908866	2026-05-15	greenhouse-api	Supply Chain Development Planner	HelloFresh	added
https://careers.hellofresh.com/global/en/job/7768316?gh_jid=7768316	2026-05-15	greenhouse-api	Teamlead Display and Video Marketing (parental leave cover) (all genders) 	HelloFresh	added
https://careers.hellofresh.com/global/en/job/7703792?gh_jid=7703792	2026-05-15	greenhouse-api	Teamleiter Instandhaltung – Schichtbetrieb (all genders)	HelloFresh	added
https://careers.hellofresh.com/global/en/job/7803266?gh_jid=7803266	2026-05-15	greenhouse-api	[US DC] Associate Maintenance Manager	HelloFresh	added
https://careers.hellofresh.com/global/en/job/7699418?gh_jid=7699418	2026-05-15	greenhouse-api	[US-DC] Director, Fulfillment	HelloFresh	added
https://careers.hellofresh.com/global/en/job/7894705?gh_jid=7894705	2026-05-15	greenhouse-api	[US DC] Senior Maintenance Manager	HelloFresh	added
https://careers.hellofresh.com/global/en/job/7793334?gh_jid=7793334	2026-05-15	greenhouse-api	[US-HQ] Retail Product Development Manager	HelloFresh	added
https://sumup.com/careers/positions/7875332002?gh_jid=7875332002	2026-05-15	greenhouse-api	Agent Commercial(e) Terrain Freelance – Calais 	SumUp	added
https://sumup.com/careers/positions/7875302002?gh_jid=7875302002	2026-05-15	greenhouse-api	Agent Commercial(e) Terrain (freelance) – Dunkerque	SumUp	added
https://sumup.com/careers/positions/8483620002?gh_jid=8483620002	2026-05-15	greenhouse-api	Agente II de Relacionamento (Grandes Contas)	SumUp	added
https://sumup.com/careers/positions/8118920002?gh_jid=8118920002	2026-05-15	greenhouse-api	Agenti di Commercio/ Consulenti di vendita/ Procacciatori di Affari - P.Iva (ABRUZZO E MOLISE)	SumUp	added
https://sumup.com/careers/positions/8119003002?gh_jid=8119003002	2026-05-15	greenhouse-api	Agenti di Commercio/ Consulenti di vendita/ Procacciatori di Affari - P.Iva (CAMPANIA)	SumUp	added
https://sumup.com/careers/positions/8429186002?gh_jid=8429186002	2026-05-15	greenhouse-api	Agenti di Commercio/ Consulenti di vendita/ Procacciatori di Affari - P.Iva Friuli-Venezia Giulia (Gorizia)	SumUp	added
https://sumup.com/careers/positions/8429188002?gh_jid=8429188002	2026-05-15	greenhouse-api	Agenti di Commercio/ Consulenti di vendita/ Procacciatori di Affari - P.Iva Friuli-Venezia Giulia (Pordenone)	SumUp	added
https://sumup.com/careers/positions/8080118002?gh_jid=8080118002	2026-05-15	greenhouse-api	Agenti di Commercio/ Consulenti di vendita/ Procacciatori di Affari - P.Iva Friuli-Venezia Giulia (Trieste)	SumUp	added
https://sumup.com/careers/positions/8429187002?gh_jid=8429187002	2026-05-15	greenhouse-api	Agenti di Commercio/ Consulenti di vendita/ Procacciatori di Affari - P.Iva Friuli-Venezia Giulia (Udine)	SumUp	added
https://sumup.com/careers/positions/8123871002?gh_jid=8123871002	2026-05-15	greenhouse-api	Agenti di Commercio/ Consulenti di vendita/ Procacciatori di Affari - P.Iva - Liguria (Genova)	SumUp	added
https://sumup.com/careers/positions/8424265002?gh_jid=8424265002	2026-05-15	greenhouse-api	Agenti di Commercio/ Consulenti di vendita/ Procacciatori di Affari - P.Iva - Liguria (Imperia)	SumUp	added
https://sumup.com/careers/positions/8424266002?gh_jid=8424266002	2026-05-15	greenhouse-api	Agenti di Commercio/ Consulenti di vendita/ Procacciatori di Affari - P.Iva - Liguria (La Spezia)	SumUp	added
https://sumup.com/careers/positions/8424267002?gh_jid=8424267002	2026-05-15	greenhouse-api	Agenti di Commercio/ Consulenti di vendita/ Procacciatori di Affari - P.Iva - Liguria (Savona)	SumUp	added
https://sumup.com/careers/positions/8429119002?gh_jid=8429119002	2026-05-15	greenhouse-api	Agenti di Commercio/ Consulenti di vendita/ Procacciatori di Affari - P.Iva Lombardia (Bergamo,Brescia,Mantova, Desenzano del Garda) 	SumUp	added
https://sumup.com/careers/positions/8429147002?gh_jid=8429147002	2026-05-15	greenhouse-api	Agenti di Commercio/ Consulenti di vendita/ Procacciatori di Affari - P.Iva Lombardia (Como,Varese) 	SumUp	added
https://sumup.com/careers/positions/8429144002?gh_jid=8429144002	2026-05-15	greenhouse-api	Agenti di Commercio/ Consulenti di vendita/ Procacciatori di Affari - P.Iva Lombardia (Cremona) 	SumUp	added
https://sumup.com/careers/positions/8429160002?gh_jid=8429160002	2026-05-15	greenhouse-api	Agenti di Commercio/ Consulenti di vendita/ Procacciatori di Affari - P.Iva Lombardia (Lecco) 	SumUp	added
https://sumup.com/careers/positions/8429148002?gh_jid=8429148002	2026-05-15	greenhouse-api	Agenti di Commercio/ Consulenti di vendita/ Procacciatori di Affari - P.Iva Lombardia (Lodi) 	SumUp	added
https://sumup.com/careers/positions/8123870002?gh_jid=8123870002	2026-05-15	greenhouse-api	Agenti di Commercio/ Consulenti di vendita/ Procacciatori di Affari - P.Iva Lombardia (Milano,Monza e Brianza, Como, Varese) 	SumUp	added
https://sumup.com/careers/positions/8429181002?gh_jid=8429181002	2026-05-15	greenhouse-api	Agenti di Commercio/ Consulenti di vendita/ Procacciatori di Affari - P.Iva Lombardia (Pavia) 	SumUp	added
https://sumup.com/careers/positions/8429151002?gh_jid=8429151002	2026-05-15	greenhouse-api	Agenti di Commercio/ Consulenti di vendita/ Procacciatori di Affari - P.Iva Lombardia (Sondrio) 	SumUp	added
https://sumup.com/careers/positions/8118762002?gh_jid=8118762002	2026-05-15	greenhouse-api	Agenti di Commercio/ Consulenti di vendita/ Procacciatori di Affari - P.Iva (MARCHE E UMBRIA)	SumUp	added
https://sumup.com/careers/positions/8424309002?gh_jid=8424309002	2026-05-15	greenhouse-api	Agenti di Commercio/ Consulenti di vendita/ Procacciatori di Affari - P.Iva - Piemonte (Alessandria)	SumUp	added
https://sumup.com/careers/positions/8424311002?gh_jid=8424311002	2026-05-15	greenhouse-api	Agenti di Commercio/ Consulenti di vendita/ Procacciatori di Affari - P.Iva - Piemonte (Asti)	SumUp	added
https://sumup.com/careers/positions/8429074002?gh_jid=8429074002	2026-05-15	greenhouse-api	Agenti di Commercio/ Consulenti di vendita/ Procacciatori di Affari - P.Iva - Piemonte (Biella)	SumUp	added
https://sumup.com/careers/positions/8424312002?gh_jid=8424312002	2026-05-15	greenhouse-api	Agenti di Commercio/ Consulenti di vendita/ Procacciatori di Affari - P.Iva - Piemonte (Cuneo)	SumUp	added
https://sumup.com/careers/positions/8424313002?gh_jid=8424313002	2026-05-15	greenhouse-api	Agenti di Commercio/ Consulenti di vendita/ Procacciatori di Affari - P.Iva - Piemonte (Novara)	SumUp	added
https://sumup.com/careers/positions/8429075002?gh_jid=8429075002	2026-05-15	greenhouse-api	Agenti di Commercio/ Consulenti di vendita/ Procacciatori di Affari - P.Iva - Piemonte (Verbano-Cusio-Ossola)	SumUp	added
https://sumup.com/careers/positions/8424318002?gh_jid=8424318002	2026-05-15	greenhouse-api	Agenti di Commercio/ Consulenti di vendita/ Procacciatori di Affari - P.Iva - Piemonte (Vercelli)	SumUp	added
https://sumup.com/careers/positions/8114250002?gh_jid=8114250002	2026-05-15	greenhouse-api	Agenti di Commercio/ Consulenti di vendita/ Procacciatori di Affari - P.Iva (PUGLIA - BASILICATA)	SumUp	added
https://sumup.com/careers/positions/8119004002?gh_jid=8119004002	2026-05-15	greenhouse-api	Agenti di Commercio/ Consulenti di vendita/ Procacciatori di Affari - P.Iva (SICILIA e CALABRIA)	SumUp	added
https://sumup.com/careers/positions/8429260002?gh_jid=8429260002	2026-05-15	greenhouse-api	Agenti di Commercio/ Consulenti di vendita/ Procacciatori di Affari - P.Iva Trentino- Alto Adige (Bolzano,Merano)	SumUp	added
https://sumup.com/careers/positions/8429114002?gh_jid=8429114002	2026-05-15	greenhouse-api	Agenti di Commercio/ Consulenti di vendita/ Procacciatori di Affari - P.Iva Trentino- Alto Adige (Trento,Rovereto,Pergine Valsugana)	SumUp	added
https://sumup.com/careers/positions/8429088002?gh_jid=8429088002	2026-05-15	greenhouse-api	Agenti di Commercio/ Consulenti di vendita/ Procacciatori di Affari - P.Iva - Valle D'Aosta	SumUp	added
https://sumup.com/careers/positions/8429237002?gh_jid=8429237002	2026-05-15	greenhouse-api	Agenti di Commercio/ Consulenti di vendita/ Procacciatori di Affari - P.Iva Veneto (Belluno)	SumUp	added
https://sumup.com/careers/positions/8429228002?gh_jid=8429228002	2026-05-15	greenhouse-api	Agenti di Commercio/ Consulenti di vendita/ Procacciatori di Affari - P.Iva Veneto (Padova)	SumUp	added
https://sumup.com/careers/positions/8429236002?gh_jid=8429236002	2026-05-15	greenhouse-api	Agenti di Commercio/ Consulenti di vendita/ Procacciatori di Affari - P.Iva Veneto (Rovigo)	SumUp	added
https://sumup.com/careers/positions/8429229002?gh_jid=8429229002	2026-05-15	greenhouse-api	Agenti di Commercio/ Consulenti di vendita/ Procacciatori di Affari - P.Iva Veneto (Treviso)	SumUp	added
https://sumup.com/careers/positions/8429224002?gh_jid=8429224002	2026-05-15	greenhouse-api	Agenti di Commercio/ Consulenti di vendita/ Procacciatori di Affari - P.Iva Veneto (Venezia)	SumUp	added
https://sumup.com/careers/positions/8123882002?gh_jid=8123882002	2026-05-15	greenhouse-api	Agenti di Commercio/ Consulenti di vendita/ Procacciatori di Affari - P.Iva Veneto (Verona)	SumUp	added
https://sumup.com/careers/positions/8429225002?gh_jid=8429225002	2026-05-15	greenhouse-api	Agenti di Commercio/ Consulenti di vendita/ Procacciatori di Affari - P.Iva Veneto (Vicenza)	SumUp	added
https://sumup.com/careers/positions/8364208002?gh_jid=8364208002	2026-05-15	greenhouse-api	AML Analyst II	SumUp	added
https://sumup.com/careers/positions/8432957002?gh_jid=8432957002	2026-05-15	greenhouse-api	AREZZO - Agenti di Vendita - P.Iva	SumUp	added
https://sumup.com/careers/positions/8118923002?gh_jid=8118923002	2026-05-15	greenhouse-api	Commercial(e) Terrain Confirmé (H/F) – Lille et sa métropole  CDI	SumUp	added
https://sumup.com/careers/positions/7875334002?gh_jid=7875334002	2026-05-15	greenhouse-api	Commercial(e) Terrain Freelance – Amiens	SumUp	added
https://sumup.com/careers/positions/7993293002?gh_jid=7993293002	2026-05-15	greenhouse-api	Commercial(e) Terrain Indépendant(e)	SumUp	added
https://sumup.com/careers/positions/8013034002?gh_jid=8013034002	2026-05-15	greenhouse-api	Commercial Terrain - Indépendant (Freelance)	SumUp	added
https://sumup.com/careers/positions/8511537002?gh_jid=8511537002	2026-05-15	greenhouse-api	Commercial Terrain - Indépendant (Freelance)- Avignon	SumUp	added
https://sumup.com/careers/positions/8505515002?gh_jid=8505515002	2026-05-15	greenhouse-api	Commercial Terrain - Indépendant (Freelance)- Bordeaux	SumUp	added
https://sumup.com/careers/positions/8511538002?gh_jid=8511538002	2026-05-15	greenhouse-api	Commercial Terrain - Indépendant (Freelance)- Nîmes	SumUp	added
https://sumup.com/careers/positions/7868915002?gh_jid=7868915002	2026-05-15	greenhouse-api	Commercial Terrain Indépendant – SumUp (Strasbourg)	SumUp	added
https://sumup.com/careers/positions/8367883002?gh_jid=8367883002	2026-05-15	greenhouse-api	Complaints and Compliance Specialist with Dutch (NL)	SumUp	added
https://sumup.com/careers/positions/7303394002?gh_jid=7303394002	2026-05-15	greenhouse-api	Customer Support Agent	SumUp	added
https://sumup.com/careers/positions/8340139002?gh_jid=8340139002	2026-05-15	greenhouse-api	Customer Support Agent - DE	SumUp	added
https://sumup.com/careers/positions/8340138002?gh_jid=8340138002	2026-05-15	greenhouse-api	Customer Support Agent- DE	SumUp	added
https://sumup.com/careers/positions/8340156002?gh_jid=8340156002	2026-05-15	greenhouse-api	Customer Support Agent- French	SumUp	added
https://sumup.com/careers/positions/8459254002?gh_jid=8459254002	2026-05-15	greenhouse-api	Customer Support Agent -  Horario Rotativo	SumUp	added
https://sumup.com/careers/positions/8525962002?gh_jid=8525962002	2026-05-15	greenhouse-api	Customer Support Agent with Finnish and English	SumUp	added
https://sumup.com/careers/positions/8467940002?gh_jid=8467940002	2026-05-15	greenhouse-api	(EMILIA ROMAGNA) Agenti di Vendita - P.Iva	SumUp	added
https://sumup.com/careers/positions/8530960002?gh_jid=8530960002	2026-05-15	greenhouse-api	Engineering Manager - Edge AI	SumUp	added
https://sumup.com/careers/positions/8498055002?gh_jid=8498055002	2026-05-15	greenhouse-api	Executivo(a) de Vendas l Caucaia - CE	SumUp	added
https://sumup.com/careers/positions/8424152002?gh_jid=8424152002	2026-05-15	greenhouse-api	(FERRARA) Agenti di Vendita - P.Iva	SumUp	added
https://sumup.com/careers/positions/8478931002?gh_jid=8478931002	2026-05-15	greenhouse-api	Field Sales Consultant / Commerciale Terrain	SumUp	added
https://sumup.com/careers/positions/8456628002?gh_jid=8456628002	2026-05-15	greenhouse-api	Field Sales Consultant / Terenski Prodajni Predstavnik	SumUp	added
https://sumup.com/careers/positions/8450896002?gh_jid=8450896002	2026-05-15	greenhouse-api	Fraud Prevention Agent II	SumUp	added
https://sumup.com/careers/positions/8435129002?gh_jid=8435129002	2026-05-15	greenhouse-api	FROSINONE - Agenti di Vendita - P.Iva	SumUp	added
https://sumup.com/careers/positions/8066192002?gh_jid=8066192002	2026-05-15	greenhouse-api	Independent Sales Agents (ISA) -Merchant Services across the  US	SumUp	added
https://sumup.com/careers/positions/8435161002?gh_jid=8435161002	2026-05-15	greenhouse-api	LATINA - Agenti di Vendita - P.Iva	SumUp	added
https://sumup.com/careers/positions/8467953002?gh_jid=8467953002	2026-05-15	greenhouse-api	LAZIO - Agenti di Vendita - P.Iva	SumUp	added
https://sumup.com/careers/positions/8467955002?gh_jid=8467955002	2026-05-15	greenhouse-api	LAZIO provincia - Agenti di Vendita - P.Iva	SumUp	added
https://sumup.com/careers/positions/8432956002?gh_jid=8432956002	2026-05-15	greenhouse-api	LIVORNO - Agenti di Vendita - P.Iva	SumUp	added
https://sumup.com/careers/positions/8432963002?gh_jid=8432963002	2026-05-15	greenhouse-api	LUCCA - Agenti di Vendita - P.Iva	SumUp	added
https://sumup.com/careers/positions/8529486002?gh_jid=8529486002	2026-05-15	greenhouse-api	MLRO- GRC & Risk	SumUp	added
https://sumup.com/careers/positions/8424149002?gh_jid=8424149002	2026-05-15	greenhouse-api	(MODENA) Agenti di Vendita - P.Iva	SumUp	added
https://sumup.com/careers/positions/8485249002?gh_jid=8485249002	2026-05-15	greenhouse-api	ORISTANO - Agenti di vendita - P.Iva 	SumUp	added
https://sumup.com/careers/positions/8424150002?gh_jid=8424150002	2026-05-15	greenhouse-api	(PARMA) Agenti di Vendita - P.Iva	SumUp	added
https://sumup.com/careers/positions/8424153002?gh_jid=8424153002	2026-05-15	greenhouse-api	(PIACENZA) Agenti di Vendita - P.Iva	SumUp	added
https://sumup.com/careers/positions/8432958002?gh_jid=8432958002	2026-05-15	greenhouse-api	PISA - Agenti di Vendita - P.Iva	SumUp	added
https://sumup.com/careers/positions/8432955002?gh_jid=8432955002	2026-05-15	greenhouse-api	PRATO - Agenti di Vendita - P.Iva	SumUp	added
https://sumup.com/careers/positions/8498278002?gh_jid=8498278002	2026-05-15	greenhouse-api	Product Manager, Partnerships	SumUp	added
https://sumup.com/careers/positions/8424147002?gh_jid=8424147002	2026-05-15	greenhouse-api	(RAVENNA) Agenti di Vendita - P.Iva	SumUp	added
https://sumup.com/careers/positions/8424151002?gh_jid=8424151002	2026-05-15	greenhouse-api	(REGGIO EMILIA) Agenti di Vendita - P.Iva	SumUp	added
https://sumup.com/careers/positions/8435199002?gh_jid=8435199002	2026-05-15	greenhouse-api	RIETI - Agenti di Vendita - P.Iva	SumUp	added
https://sumup.com/careers/positions/8424146002?gh_jid=8424146002	2026-05-15	greenhouse-api	(RIMINI) Agenti di Vendita - P.Iva	SumUp	added
https://sumup.com/careers/positions/8336127002?gh_jid=8336127002	2026-05-15	greenhouse-api	(RIMINI) Agenti di vendita - P.Iva  - SumUp	SumUp	added
https://sumup.com/careers/positions/8485243002?gh_jid=8485243002	2026-05-15	greenhouse-api	SARDEGNA - Agenti di vendita - P.Iva 	SumUp	added
https://sumup.com/careers/positions/8468006002?gh_jid=8468006002	2026-05-15	greenhouse-api	Senior AI Backend Engineer	SumUp	added
https://sumup.com/careers/positions/8249610002?gh_jid=8249610002	2026-05-15	greenhouse-api	Senior AI/ML Engineer	SumUp	added
https://sumup.com/careers/positions/8333836002?gh_jid=8333836002	2026-05-15	greenhouse-api	Senior Analytics Engineer - RevOps	SumUp	added
https://sumup.com/careers/positions/8364210002?gh_jid=8364210002	2026-05-15	greenhouse-api	Senior Data Platform Engineer	SumUp	added
https://sumup.com/careers/positions/8503516002?gh_jid=8503516002	2026-05-15	greenhouse-api	Senior ML/AI Engineer	SumUp	added
https://sumup.com/careers/positions/8458928002?gh_jid=8458928002	2026-05-15	greenhouse-api	Senior Product Manager - Bookings	SumUp	added
https://sumup.com/careers/positions/8366752002?gh_jid=8366752002	2026-05-15	greenhouse-api	Senior Product Manager - Hardware	SumUp	added
https://sumup.com/careers/positions/8418443002?gh_jid=8418443002	2026-05-15	greenhouse-api	Senior Technical Product Manager - Commercial Data	SumUp	added
https://sumup.com/careers/positions/8092189002?gh_jid=8092189002	2026-05-15	greenhouse-api	 Talent Acquisition Partner - Spanish  Speaking  (1 year FTC) 	SumUp	added
https://sumup.com/careers/positions/8467947002?gh_jid=8467947002	2026-05-15	greenhouse-api	TOSCANA Agenti di Vendita - P.Iva	SumUp	added
https://sumup.com/careers/positions/8398318002?gh_jid=8398318002	2026-05-15	greenhouse-api	Training Manager (Field Sales)	SumUp	added
https://sumup.com/careers/positions/8435159002?gh_jid=8435159002	2026-05-15	greenhouse-api	VITERBO - Agenti di Vendita - P.Iva	SumUp	added
https://sumup.com/careers/positions/8537240002?gh_jid=8537240002	2026-05-15	greenhouse-api	Working Student -  People Operations	SumUp	added
https://www.scandit.com/careers/job-description/?gh_jid=7820556	2026-05-15	greenhouse-api	Senior Solutions Consultant (Enterprise Retail)	Scandit	added
https://wayve.firststage.co/jobs?gh_jid=8545690002	2026-05-15	greenhouse-api	Customer Integration Engineer	Wayve	added
https://wayve.firststage.co/jobs?gh_jid=8542420002	2026-05-15	greenhouse-api	Product Manager - AI Driver	Wayve	added
https://wayve.firststage.co/jobs?gh_jid=8458272002	2026-05-15	greenhouse-api	Senior Cloud SRE - AI/ML Platform & GPU Compute	Wayve	added
https://wayve.firststage.co/jobs?gh_jid=8422175002	2026-05-15	greenhouse-api	Software Integration Engineer (6 months Contract) 	Wayve	added
https://wayve.firststage.co/jobs?gh_jid=8537458002	2026-05-15	greenhouse-api	Staff Cloud SRE – AI/ML Platform & GPU Compute	Wayve	added
https://wayve.firststage.co/jobs?gh_jid=8545371002	2026-05-15	greenhouse-api	Staff ML Performance Engineer (Inference Optimisation)	Wayve	added
https://wayve.firststage.co/jobs?gh_jid=8425279002	2026-05-15	greenhouse-api	Staff ML Performance Engineer (Training Efficiency)	Wayve	added
https://wayve.firststage.co/jobs?gh_jid=8545642002	2026-05-15	greenhouse-api	Supply Chain Program Manager	Wayve	added
https://wayve.firststage.co/jobs?gh_jid=8519535002	2026-05-15	greenhouse-api	Tech Lead, ML Engineer - AV Product engineering	Wayve	added
https://wayve.firststage.co/jobs?gh_jid=8325451002	2026-05-15	greenhouse-api	Technical Product Manager - Robotaxi	Wayve	added
https://job-boards.greenhouse.io/isomorphiclabs/jobs/5481701004	2026-05-15	greenhouse-api	Director of Engineering (ML Platform), London	Isomorphic Labs	added
https://job-boards.greenhouse.io/isomorphiclabs/jobs/5578430004	2026-05-15	greenhouse-api	ML Research Engineer, London	Isomorphic Labs	added
https://job-boards.greenhouse.io/isomorphiclabs/jobs/5704870004	2026-05-15	greenhouse-api	Research Scientist (Applied LLMs), London	Isomorphic Labs	added
https://job-boards.greenhouse.io/isomorphiclabs/jobs/5837899004	2026-05-15	greenhouse-api	Senior Software Engineer, ML Ops	Isomorphic Labs	added
http://stability.ai/careers?gh_jid=4712826101	2026-05-15	greenhouse-api	Generative AI Inference Engineer	Stability AI	added
http://stability.ai/careers?gh_jid=4770256101	2026-05-15	greenhouse-api	Multimodal Generative AI Researcher	Stability AI	added
http://stability.ai/careers?gh_jid=4840171101	2026-05-15	greenhouse-api	Solutions Engineer	Stability AI	added
https://job-boards.eu.greenhouse.io/physicsx/jobs/4789344101	2026-05-15	greenhouse-api	Forward Deployed Applications - Senior Software Engineer	PhysicsX	added
https://job-boards.eu.greenhouse.io/physicsx/jobs/4860241101	2026-05-15	greenhouse-api	Forward Deployed Software Engineer	PhysicsX	added
https://job-boards.eu.greenhouse.io/physicsx/jobs/4804769101	2026-05-15	greenhouse-api	Principal AI Engineer	PhysicsX	added
https://job-boards.eu.greenhouse.io/physicsx/jobs/4804807101	2026-05-15	greenhouse-api	Senior AI Engineer - Applied	PhysicsX	added
https://job-boards.eu.greenhouse.io/physicsx/jobs/4804805101	2026-05-15	greenhouse-api	Senior AI Engineer - Platform	PhysicsX	added
https://job-boards.eu.greenhouse.io/physicsx/jobs/4750017101	2026-05-15	greenhouse-api	Senior Forward Deployed Software Engineer	PhysicsX	added
https://job-boards.eu.greenhouse.io/physicsx/jobs/4789290101	2026-05-15	greenhouse-api	Senior Software Engineer - AI Workbench 	PhysicsX	added
https://jobs.ashbyhq.com/synthesia/8a09fe17-c01c-4e35-9394-abd339bbfdf3	2026-05-15	ashby-api	Senior Research Engineer - Video Foundation Models (Pre - Training)	Synthesia	added
https://jobs.ashbyhq.com/synthesia/ae716439-4fb5-49f3-b0fb-4038f65c1b6f	2026-05-15	ashby-api	Senior Research Engineer - Audio Post-Training	Synthesia	added
https://jobs.ashbyhq.com/synthesia/81fbed84-4d11-491c-8659-6a96d5ad4e77	2026-05-15	ashby-api	Strategic Account Executive (German Speaking)	Synthesia	added
https://jobs.ashbyhq.com/synthesia/fd3617a1-b117-417d-bee5-416ea9193150	2026-05-15	ashby-api	Product Manager, Video Creation & Editing (Principal-level)	Synthesia	added
https://jobs.ashbyhq.com/synthesia/163816a3-11d0-4f20-b138-6629c73e3886	2026-05-15	ashby-api	Solutions Architect	Synthesia	added
https://jobs.ashbyhq.com/synthesia/b8d27ddc-dd45-452e-8d24-7e44c17d33c8	2026-05-15	ashby-api	Strategic Customer Success Manager - Spanish Speaking 	Synthesia	added
https://jobs.ashbyhq.com/synthesia/a34c653b-1f1a-4847-a515-cca032621f51	2026-05-15	ashby-api	Manager, Solutions Consulting (German Speaking)	Synthesia	added
https://jobs.ashbyhq.com/synthesia/e9c63d3d-13cc-4049-ae0a-5fef402c595b	2026-05-15	ashby-api	Principal ML Platform Engineer	Synthesia	added
https://jobs.ashbyhq.com/synthesia/00777506-399c-4022-895d-caf4517f08f7	2026-05-15	ashby-api	Solutions Consultant (Italian Speaking)	Synthesia	added
https://jobs.ashbyhq.com/synthesia/fa45f02f-2096-46a7-9cd8-77ae05760119	2026-05-15	ashby-api	Solutions Consultant (French Speaking)	Synthesia	added
https://jobs.ashbyhq.com/synthesia/d08a4685-89f9-49e2-b203-1482a3db2c4a	2026-05-15	ashby-api	Staff Research Engineer - Video Post Training	Synthesia	added
https://jobs.ashbyhq.com/synthesia/7fc7f0ac-7a05-4dba-9036-ffdb99b6a704	2026-05-15	ashby-api	Product Manager, Analytics (Senior/Lead-level)	Synthesia	added
https://jobs.ashbyhq.com/synthesia/56fe08af-6704-4b1f-a157-00561e4c5991	2026-05-15	ashby-api	Solutions Consultant (German Speaking)	Synthesia	added
https://jobs.ashbyhq.com/faculty/82ffaf2f-f761-4201-9a0e-2c082f687079	2026-05-15	ashby-api	Director, AI Engineering	Faculty	added
https://jobs.ashbyhq.com/faculty/fd99c104-65b4-4fca-b68e-0ab9170da31f	2026-05-15	ashby-api	Senior Research Scientist - AI Safety	Faculty	added
https://jobs.ashbyhq.com/faculty/b4ec2535-7bce-499b-8926-e349413e3325	2026-05-15	ashby-api	Senior Manager (AI Safety) 	Faculty	added
https://jobs.ashbyhq.com/faculty/6ad13f20-8a65-454f-b7c7-4d5260f306bf	2026-05-15	ashby-api	Principal Research Scientist - AI Safety	Faculty	added
https://jobs.ashbyhq.com/faculty/277da324-7288-40fe-a9fc-a14a9eb778fc	2026-05-15	ashby-api	Senior Cyber Security Engineer (AI Safety)  	Faculty	added
https://jobs.ashbyhq.com/faculty/d2d0ef45-de48-4c48-9781-5c85c9d49f42	2026-05-15	ashby-api	Head of AI Assurance	Faculty	added
https://jobs.ashbyhq.com/faculty/18755194-02f0-4cfc-bd99-cc41c0922f5d	2026-05-15	ashby-api	Delivery Manager (AI Safety) 	Faculty	added
https://jobs.ashbyhq.com/faculty/ffb24889-b115-4f6e-8d69-cc385b95dac7	2026-05-15	ashby-api	Platform Engineer	Faculty	added
https://jobs.ashbyhq.com/faculty/7e726de6-6327-40cd-a00d-0e9be34e1cb4	2026-05-15	ashby-api	Technical Director of AI Safety	Faculty	added
https://jobs.ashbyhq.com/workos/8317f6f4-3d85-4a9f-bec3-753e4b646fc2	2026-05-15	ashby-api	Product Engineer - AuthKit	WorkOS	added
https://jobs.ashbyhq.com/workos/dc23fd7b-ee4c-4e6a-959a-209b2eab8b17	2026-05-15	ashby-api	Solutions Engineer	WorkOS	added
https://jobs.ashbyhq.com/workos/afdd651f-c97a-4ba2-88af-c790eb9e1a1d	2026-05-15	ashby-api	GTM - AI Native Sales	WorkOS	added
https://jobs.ashbyhq.com/workos/5e650527-d8dd-413a-9cfb-d7d68143274b	2026-05-15	ashby-api	Applied AI Engineer	WorkOS	added
https://jobs.ashbyhq.com/workos/990c41b1-e3c3-4a75-83c2-ca916899c110	2026-05-15	ashby-api	GTM Engineer	WorkOS	added
https://jobs.ashbyhq.com/workos/5550ddd5-c3eb-459a-aa4d-8b1216346d88	2026-05-15	ashby-api	Product Manager	WorkOS	added
https://jobs.ashbyhq.com/claylabs/232ab8c1-36d7-4114-91c1-0f9c9e4064bc	2026-05-15	ashby-api	Solutions Engineer	Clay Labs	added
https://jobs.ashbyhq.com/claylabs/9b008b26-189b-45cf-83d8-fee117d32874	2026-05-15	ashby-api	Software Engineer, Developer Experience (AI)	Clay Labs	added
https://jobs.ashbyhq.com/claylabs/6dc3e0b7-4846-41cf-9369-6c058b3fcbc2	2026-05-15	ashby-api	Head of Solutions Engineering	Clay Labs	added
https://jobs.ashbyhq.com/claylabs/749a6373-0979-424a-abc9-9cfc511a5e44	2026-05-15	ashby-api	Product Manager, Enrichment & AI	Clay Labs	added
https://jobs.ashbyhq.com/claylabs/26c9a251-b616-49f7-a489-4d393a02ea5f	2026-05-15	ashby-api	Forward Deployed GTME	Clay Labs	added
https://jobs.ashbyhq.com/claylabs/46544fc6-a6d0-4aed-985c-2d3a2e908f61	2026-05-15	ashby-api	Partner Manager (French Speaking)	Clay Labs	added
https://jobs.ashbyhq.com/claylabs/9b05b885-eb08-4ad0-82b1-4da33dcad4a2	2026-05-15	ashby-api	French-Speaking ClayDR (SDR - French-Speaking)	Clay Labs	added
https://jobs.ashbyhq.com/claylabs/1b1c004f-0e6a-41b6-bac3-971448b63a07	2026-05-15	ashby-api	GTME Ecosystem - GTME & AI Teacher	Clay Labs	added
https://jobs.ashbyhq.com/claylabs/a4cd530e-a99b-4c24-a2b7-f609ce3f59c1	2026-05-15	ashby-api	Trainer, GTM Enablement	Clay Labs	added
https://job-boards.greenhouse.io/hightouch/jobs/5983622004	2026-05-15	greenhouse-api	Account Executive, Mid-Market - Mountain West	Hightouch	added
https://job-boards.greenhouse.io/hightouch/jobs/5982446004	2026-05-15	greenhouse-api	AI Creative Designer, Ads	Hightouch	added
https://job-boards.greenhouse.io/hightouch/jobs/5823552004	2026-05-15	greenhouse-api	AI Operations, GTM	Hightouch	added
https://job-boards.greenhouse.io/hightouch/jobs/5134194004	2026-05-15	greenhouse-api	AI Solutions Engineer, Enterprise East (Pre-Sales)	Hightouch	added
https://job-boards.greenhouse.io/hightouch/jobs/5530769004	2026-05-15	greenhouse-api	AI Solutions Engineer, Enterprise West (Pre-Sales)	Hightouch	added
https://job-boards.greenhouse.io/hightouch/jobs/5535187004	2026-05-15	greenhouse-api	AI Solutions Engineer, Mid-Market (Pre-Sales)	Hightouch	added
https://job-boards.greenhouse.io/hightouch/jobs/5838911004	2026-05-15	greenhouse-api	AI Solutions Engineer, Senior Enterprise, New York (Pre-Sales)	Hightouch	added
https://job-boards.greenhouse.io/hightouch/jobs/5618829004	2026-05-15	greenhouse-api	AI Strategy Consultant 	Hightouch	added
https://job-boards.greenhouse.io/hightouch/jobs/5726252004	2026-05-15	greenhouse-api	Enterprise Account Executive -Mountain West	Hightouch	added
https://job-boards.greenhouse.io/hightouch/jobs/5718912004	2026-05-15	greenhouse-api	Forward Deployed Marketing Data Scientist	Hightouch	added
https://job-boards.greenhouse.io/hightouch/jobs/5970143004	2026-05-15	greenhouse-api	Lead Product Manager, Agentic Ads Platform	Hightouch	added
https://job-boards.greenhouse.io/hightouch/jobs/5834919004	2026-05-15	greenhouse-api	Lead Product Manager, Agentic Personalization	Hightouch	added
https://job-boards.greenhouse.io/hightouch/jobs/5727573004	2026-05-15	greenhouse-api	Manager, Solutions Engineering	Hightouch	added
https://job-boards.greenhouse.io/hightouch/jobs/5807949004	2026-05-15	greenhouse-api	Partner Solutions Engineer	Hightouch	added
https://job-boards.greenhouse.io/hightouch/jobs/5542602004	2026-05-15	greenhouse-api	Software Engineer, AI Agents	Hightouch	added
https://job-boards.greenhouse.io/hightouch/jobs/5990367004	2026-05-15	greenhouse-api	Solutions Engineer - EMEA	Hightouch	added
https://job-boards.greenhouse.io/hightouch/jobs/5852695004	2026-05-15	greenhouse-api	Solutions Engineer EMEA (German speaking) 	Hightouch	added
https://job-boards.greenhouse.io/planetscale/jobs/4052805009	2026-05-15	greenhouse-api	Solutions Engineer	PlanetScale	added
